DTXFiles.2/Test/SET.def	173	d0f751b8370995a0f3079b178def2cde052480dd5c4ad08ff9641492fdb40079
DTXFiles.2/Test/adv.dtx	14951	756e4910a26bf6141ad81189529cc4ac1bd100834634547cc3539bb1c6d40154
DTXFiles.2/Test/bas.dtx	11359	6b0dcde91b9701d6c850ce07084ccc72b2bff940058e258585ca7489b688c4e6
DTXFiles.2/Test/bass.xa	4282	6094131778c16c0e2fad78fb6740b1b195a6c805703226e1dc78f4b6c22dbe31
DTXFiles.2/Test/bg.avi	54388140	1f70419ecfea436965da509d605688f544f73eaabd68c77b04a10b257983bcf0
DTXFiles.2/Test/bgm.ogg	3523647	756ffcd5eb02a8e8bb6396386826d36086c544d6f2a4d8adb692dc10a7702e38
DTXFiles.2/Test/china.ogg	26060	bfc683ace1684b4e04ea6f7240ffb1aeea971caa2265a7bf85b7bd9fb325234c
DTXFiles.2/Test/crash cymbal 2.ogg	77140	46dcf35c919ca08ea528a5da6bb8904f92d4f187781f2ee2fad431ff76234888
DTXFiles.2/Test/crash cymbal.ogg	82103	4ad414e850c8b1fb563c71694b9acb618f898f9c468336c578be9667e2548b3d
DTXFiles.2/Test/crash_mute.ogg	22284	935ba7604a3171a4c5e3fb264b9b7d4063873019c1a8f77c0355f501d3421e56
DTXFiles.2/Test/ext.dtx	16663	5402c6ae0a379f74273ebf6f4d10f625ba27678aae07c95239fea40a7ee6cd1a
DTXFiles.2/Test/floortom.xa	5582	47f8adadac85ad6e91c071d212471239aa90956a6922a82fe813bfae13fa8197
DTXFiles.2/Test/highhatfoot.ogg	23914	06861aa7095463fc83fc4bf9f8be58fcb731d75bd0a6da54da1ead582ca77eb4
DTXFiles.2/Test/highhatopen.ogg	15013	46fcb8f1e3f4cb2f3aa04963dfb43778bcdacb4369f2e92d1d2fd4ca21112fdc
DTXFiles.2/Test/hightom.xa	2057	08c693157c5b047754be41d27a14bded5dcc5ccb10993c8eb681cdf44dabbd74
DTXFiles.2/Test/hihatclose.xa	3082	b66614d0173464d20b20396a17fbe5a41781380d295db620c101c29d4dc88042
DTXFiles.2/Test/lowtom.XA	3307	b9c67b49a6159df1821dbf07349e7c0a32b1c2cfba490afc65474c6655d52c34
DTXFiles.2/Test/mas.dtx	18909	9255c21cf48e6bca58e0f396582e429cac645539535d80cd6e6886a403271909
DTXFiles.2/Test/midtom.xa	2607	5592a737974e49553072e5822a525d536100aa62a18513f350fee4c48960817c
DTXFiles.2/Test/preview.jpg	7910	6e5bdb454a398d727a54bf7951a8784cc4b94d5889d8b93bc3ca3f74bcceef26
DTXFiles.2/Test/preview.mp3	287859	18ccf92e656a907a92f09f5544acc7e02302acb77d958d898f1be24b83074517
DTXFiles.2/Test/ride.ogg	25031	ff33c3c3d7b670892973847f1536621ee8e9fc0e9a6e9fd9c5979b92433a70cd
DTXFiles.2/Test/snare.ogg	20171	bea218b8c590cb67be7f925a663b781d03aa55e761f02587f462c7e962f7e27b
DTXFiles.2/Test/splash cymbal.ogg	24332	d075fd48eae9c4b7c55caa2f3bec55787c11aa9e96b528e42aeb31bcf5b7d63c
DTXFiles.2/Testxx/SET.def	350	ec15b35304ae3baed7719a26aebd330d724f3a72057297de057fff709d774052
DTXFiles.2/Testxx/adv.dtx	14951	756e4910a26bf6141ad81189529cc4ac1bd100834634547cc3539bb1c6d40154
DTXFiles.2/Testxx/bas.dtx	11359	6b0dcde91b9701d6c850ce07084ccc72b2bff940058e258585ca7489b688c4e6
DTXFiles.2/Testxx/ext.dtx	16663	5402c6ae0a379f74273ebf6f4d10f625ba27678aae07c95239fea40a7ee6cd1a
DTXFiles.2/Testxx/mas.dtx	18909	9255c21cf48e6bca58e0f396582e429cac645539535d80cd6e6886a403271909
DTXFiles.2/nagagutsu to aikagi/SET.def	388	c1194354ebe7c00208146d3dc36a87b6e27b9cf2131fb11cd8a7a127f7b09435
DTXFiles.2/nagagutsu to aikagi/adv.dtx	14951	756e4910a26bf6141ad81189529cc4ac1bd100834634547cc3539bb1c6d40154
DTXFiles.2/nagagutsu to aikagi/bas.dtx	11359	6b0dcde91b9701d6c850ce07084ccc72b2bff940058e258585ca7489b688c4e6
DTXFiles.2/nagagutsu to aikagi/bass.xa	4282	6094131778c16c0e2fad78fb6740b1b195a6c805703226e1dc78f4b6c22dbe31
DTXFiles.2/nagagutsu to aikagi/bg.avi	54388140	1f70419ecfea436965da509d605688f544f73eaabd68c77b04a10b257983bcf0
DTXFiles.2/nagagutsu to aikagi/bgm.ogg	3523647	756ffcd5eb02a8e8bb6396386826d36086c544d6f2a4d8adb692dc10a7702e38
DTXFiles.2/nagagutsu to aikagi/china.ogg	26060	bfc683ace1684b4e04ea6f7240ffb1aeea971caa2265a7bf85b7bd9fb325234c
DTXFiles.2/nagagutsu to aikagi/crash cymbal 2.ogg	77140	46dcf35c919ca08ea528a5da6bb8904f92d4f187781f2ee2fad431ff76234888
DTXFiles.2/nagagutsu to aikagi/crash cymbal.ogg	82103	4ad414e850c8b1fb563c71694b9acb618f898f9c468336c578be9667e2548b3d
DTXFiles.2/nagagutsu to aikagi/crash_mute.ogg	22284	935ba7604a3171a4c5e3fb264b9b7d4063873019c1a8f77c0355f501d3421e56
DTXFiles.2/nagagutsu to aikagi/ext.dtx	16663	5402c6ae0a379f74273ebf6f4d10f625ba27678aae07c95239fea40a7ee6cd1a
DTXFiles.2/nagagutsu to aikagi/floortom.xa	5582	47f8adadac85ad6e91c071d212471239aa90956a6922a82fe813bfae13fa8197
DTXFiles.2/nagagutsu to aikagi/highhatfoot.ogg	23914	06861aa7095463fc83fc4bf9f8be58fcb731d75bd0a6da54da1ead582ca77eb4
DTXFiles.2/nagagutsu to aikagi/highhatopen.ogg	15013	46fcb8f1e3f4cb2f3aa04963dfb43778bcdacb4369f2e92d1d2fd4ca21112fdc
DTXFiles.2/nagagutsu to aikagi/hightom.xa	2057	08c693157c5b047754be41d27a14bded5dcc5ccb10993c8eb681cdf44dabbd74
DTXFiles.2/nagagutsu to aikagi/hihatclose.xa	3082	b66614d0173464d20b20396a17fbe5a41781380d295db620c101c29d4dc88042
DTXFiles.2/nagagutsu to aikagi/lowtom.XA	3307	b9c67b49a6159df1821dbf07349e7c0a32b1c2cfba490afc65474c6655d52c34
DTXFiles.2/nagagutsu to aikagi/mas.dtx	18909	9255c21cf48e6bca58e0f396582e429cac645539535d80cd6e6886a403271909
DTXFiles.2/nagagutsu to aikagi/midtom.xa	2607	5592a737974e49553072e5822a525d536100aa62a18513f350fee4c48960817c
DTXFiles.2/nagagutsu to aikagi/preview.jpg	7910	6e5bdb454a398d727a54bf7951a8784cc4b94d5889d8b93bc3ca3f74bcceef26
DTXFiles.2/nagagutsu to aikagi/preview.mp3	287859	18ccf92e656a907a92f09f5544acc7e02302acb77d958d898f1be24b83074517
DTXFiles.2/nagagutsu to aikagi/ride.ogg	25031	ff33c3c3d7b670892973847f1536621ee8e9fc0e9a6e9fd9c5979b92433a70cd
DTXFiles.2/nagagutsu to aikagi/snare.ogg	20171	bea218b8c590cb67be7f925a663b781d03aa55e761f02587f462c7e962f7e27b
DTXFiles.2/nagagutsu to aikagi/splash cymbal.ogg	24332	d075fd48eae9c4b7c55caa2f3bec55787c11aa9e96b528e42aeb31bcf5b7d63c
DTXFiles.HPA-192-benchmark/Gust of Wind/SET.def	332	887fdd58e0a4c908d458d2912c8db041d44f5f900b5c84f20874c90598ae47b1
DTXFiles.HPA-192-benchmark/Gust of Wind/adv.dtx	8289	9565edb9a1a40da5a74c553e1f58b88bb8eb2c23277306eef925b669615d3495
DTXFiles.HPA-192-benchmark/Gust of Wind/bas.dtx	6353	b58b03fef60e4ec5119ec26c9b9dd19a0b91ee4b0cee3d7f81feb626d54b260d
DTXFiles.HPA-192-benchmark/Gust of Wind/bass.xa	4282	6094131778c16c0e2fad78fb6740b1b195a6c805703226e1dc78f4b6c22dbe31
DTXFiles.HPA-192-benchmark/Gust of Wind/bgm.ogg	1804175	df3c151aa5b3ed09ac54ff76a2716072bbb806355ae16366af14e35c672529ad
DTXFiles.HPA-192-benchmark/Gust of Wind/china.ogg	26060	bfc683ace1684b4e04ea6f7240ffb1aeea971caa2265a7bf85b7bd9fb325234c
DTXFiles.HPA-192-benchmark/Gust of Wind/crash cymbal 2.xa	16282	fe7707cd73a66a0f845db9e816f780c0d0bdf91a7b20e630c5775df960f1a6b2
DTXFiles.HPA-192-benchmark/Gust of Wind/crash cymbal.xa	16157	d387e094cc96764753965df226612f5b02569371ada5f987d10786bece160fb1
DTXFiles.HPA-192-benchmark/Gust of Wind/crash_mute.ogg	22284	935ba7604a3171a4c5e3fb264b9b7d4063873019c1a8f77c0355f501d3421e56
DTXFiles.HPA-192-benchmark/Gust of Wind/ext.dtx	9025	f7f0d9bb6ac8ad3eccea21a1f03f79b6b6199f12012d754478dddee9a372bc9a
DTXFiles.HPA-192-benchmark/Gust of Wind/floortom.xa	5582	47f8adadac85ad6e91c071d212471239aa90956a6922a82fe813bfae13fa8197
DTXFiles.HPA-192-benchmark/Gust of Wind/highhatfoot.ogg	23914	06861aa7095463fc83fc4bf9f8be58fcb731d75bd0a6da54da1ead582ca77eb4
DTXFiles.HPA-192-benchmark/Gust of Wind/highhatopen.ogg	15013	46fcb8f1e3f4cb2f3aa04963dfb43778bcdacb4369f2e92d1d2fd4ca21112fdc
DTXFiles.HPA-192-benchmark/Gust of Wind/hightom.xa	2057	08c693157c5b047754be41d27a14bded5dcc5ccb10993c8eb681cdf44dabbd74
DTXFiles.HPA-192-benchmark/Gust of Wind/hihatclose.xa	3082	b66614d0173464d20b20396a17fbe5a41781380d295db620c101c29d4dc88042
DTXFiles.HPA-192-benchmark/Gust of Wind/lowtom.XA	3307	b9c67b49a6159df1821dbf07349e7c0a32b1c2cfba490afc65474c6655d52c34
DTXFiles.HPA-192-benchmark/Gust of Wind/midtom.xa	2607	5592a737974e49553072e5822a525d536100aa62a18513f350fee4c48960817c
DTXFiles.HPA-192-benchmark/Gust of Wind/preview.jpg	63161	2ec50516a1de17cf6b2314fd6dd23786a3802b3dfa0ed0bd6eb29eb9c3bbb621
DTXFiles.HPA-192-benchmark/Gust of Wind/preview.mp3	280247	211f94316ebe30640dfd05cd4f97eb11594d6ef205ef07b64ddbace2f0177643
DTXFiles.HPA-192-benchmark/Gust of Wind/ride.xa	147032	28670318cbfc3c938bd425f410c3c5c2f3f3da2bdb8f47e0b70bd49ccecd0dc1
DTXFiles.HPA-192-benchmark/Gust of Wind/snare.xa	8957	a861575107f377694e1aec364a97a81921af1ff6354b03b072edfbc4dba6d594
DTXFiles.HPA-192-benchmark/Gust of Wind/splash cymbal.ogg	24332	d075fd48eae9c4b7c55caa2f3bec55787c11aa9e96b528e42aeb31bcf5b7d63c
DTXFiles.HPA-192-benchmark/Kaisei Joushou Hareruya/SET.def	330	529527b564cb60b2e3e5bb930c0a35d421f4dcd7f50d73d6b8736acb81479ef7
DTXFiles.HPA-192-benchmark/Kaisei Joushou Hareruya/adv.dtx	5455	a41622c13f718d34b53c5369ab9474b67a1358cbec6ba3a4ab9327e8dbba4659
DTXFiles.HPA-192-benchmark/Kaisei Joushou Hareruya/bas.dtx	4867	99ec309ece4eb816c6edbaee0c3cbd77e34c6edda4689c17e8667db498e874f4
DTXFiles.HPA-192-benchmark/Kaisei Joushou Hareruya/bass.xa	4282	6094131778c16c0e2fad78fb6740b1b195a6c805703226e1dc78f4b6c22dbe31
DTXFiles.HPA-192-benchmark/Kaisei Joushou Hareruya/bgm.ogg	939109	ec99d49d49bfbd8d4b00f52fe3980cdc99db47c26ed27fd7712ab2a074a617a1
DTXFiles.HPA-192-benchmark/Kaisei Joushou Hareruya/crash cymbal 2.xa	16282	fe7707cd73a66a0f845db9e816f780c0d0bdf91a7b20e630c5775df960f1a6b2
DTXFiles.HPA-192-benchmark/Kaisei Joushou Hareruya/crash cymbal.xa	16157	d387e094cc96764753965df226612f5b02569371ada5f987d10786bece160fb1
DTXFiles.HPA-192-benchmark/Kaisei Joushou Hareruya/crash_mute.ogg	22284	935ba7604a3171a4c5e3fb264b9b7d4063873019c1a8f77c0355f501d3421e56
DTXFiles.HPA-192-benchmark/Kaisei Joushou Hareruya/ext.dtx	6591	3d6e9d361cb94867b235775f7a7c8e17118a098534349213bb443c47afc209e6
DTXFiles.HPA-192-benchmark/Kaisei Joushou Hareruya/floortom.xa	5582	47f8adadac85ad6e91c071d212471239aa90956a6922a82fe813bfae13fa8197
DTXFiles.HPA-192-benchmark/Kaisei Joushou Hareruya/highhatfoot.ogg	23914	06861aa7095463fc83fc4bf9f8be58fcb731d75bd0a6da54da1ead582ca77eb4
DTXFiles.HPA-192-benchmark/Kaisei Joushou Hareruya/highhatopen.ogg	15013	46fcb8f1e3f4cb2f3aa04963dfb43778bcdacb4369f2e92d1d2fd4ca21112fdc
DTXFiles.HPA-192-benchmark/Kaisei Joushou Hareruya/hightom.xa	2057	08c693157c5b047754be41d27a14bded5dcc5ccb10993c8eb681cdf44dabbd74
DTXFiles.HPA-192-benchmark/Kaisei Joushou Hareruya/hihatclose.xa	3082	b66614d0173464d20b20396a17fbe5a41781380d295db620c101c29d4dc88042
DTXFiles.HPA-192-benchmark/Kaisei Joushou Hareruya/lowtom.XA	3307	b9c67b49a6159df1821dbf07349e7c0a32b1c2cfba490afc65474c6655d52c34
DTXFiles.HPA-192-benchmark/Kaisei Joushou Hareruya/mas.dtx	7311	c37988ec07b6970c6ffbe40fa8f0ab6e10ae9df11ca1da5100e602cdde76481d
DTXFiles.HPA-192-benchmark/Kaisei Joushou Hareruya/midtom.xa	2607	5592a737974e49553072e5822a525d536100aa62a18513f350fee4c48960817c
DTXFiles.HPA-192-benchmark/Kaisei Joushou Hareruya/preview.jpg	106940	e48603e6000f4f895df43b70a345ddf282606789072056a22e6f12e2618e92b3
DTXFiles.HPA-192-benchmark/Kaisei Joushou Hareruya/preview.mp3	210928	abb999120ba49f57b6432fc1c645f2bdafbcc421bf7b869df73e439ba55e95a0
DTXFiles.HPA-192-benchmark/Kaisei Joushou Hareruya/ride.xa	147032	28670318cbfc3c938bd425f410c3c5c2f3f3da2bdb8f47e0b70bd49ccecd0dc1
DTXFiles.HPA-192-benchmark/Kokuu, mugi no kaze/SET.def	320	e062a6e833bf7852abc810a2d7452d9a6f07f9e6181636b2f0eaec59251e0431
DTXFiles.HPA-192-benchmark/Kokuu, mugi no kaze/adv.dtx	5110	2861c8c4c7bdcbb48584d9f0528c32e96bb1e575cd4ac278cf79e7aae9d486dd
DTXFiles.HPA-192-benchmark/Kokuu, mugi no kaze/bas.dtx	4134	c5d9efdfacfcd1f38d3450dc62c796ed3c14f757502b937a75c2974800aeb73a
DTXFiles.HPA-192-benchmark/Kokuu, mugi no kaze/bass.xa	4282	6094131778c16c0e2fad78fb6740b1b195a6c805703226e1dc78f4b6c22dbe31
DTXFiles.HPA-192-benchmark/Kokuu, mugi no kaze/bgm.ogg	1445319	2fcff864492cdf0f732a829637c39509ed36bdcaed5b28232418ba5d73127d0b
DTXFiles.HPA-192-benchmark/Kokuu, mugi no kaze/crash cymbal 2.xa	16282	fe7707cd73a66a0f845db9e816f780c0d0bdf91a7b20e630c5775df960f1a6b2
DTXFiles.HPA-192-benchmark/Kokuu, mugi no kaze/crash cymbal.xa	16157	d387e094cc96764753965df226612f5b02569371ada5f987d10786bece160fb1
DTXFiles.HPA-192-benchmark/Kokuu, mugi no kaze/ext.dtx	5986	00b3c49d746c8dbda460b3ee6c7797c5e10cc2bea4c229673c6b3e310f39fafb
DTXFiles.HPA-192-benchmark/Kokuu, mugi no kaze/floortom.xa	5582	47f8adadac85ad6e91c071d212471239aa90956a6922a82fe813bfae13fa8197
DTXFiles.HPA-192-benchmark/Kokuu, mugi no kaze/highhatfoot.ogg	23914	06861aa7095463fc83fc4bf9f8be58fcb731d75bd0a6da54da1ead582ca77eb4
DTXFiles.HPA-192-benchmark/Kokuu, mugi no kaze/highhatopen.ogg	15013	46fcb8f1e3f4cb2f3aa04963dfb43778bcdacb4369f2e92d1d2fd4ca21112fdc
DTXFiles.HPA-192-benchmark/Kokuu, mugi no kaze/hightom.xa	2057	08c693157c5b047754be41d27a14bded5dcc5ccb10993c8eb681cdf44dabbd74
DTXFiles.HPA-192-benchmark/Kokuu, mugi no kaze/hihatclose.xa	3082	b66614d0173464d20b20396a17fbe5a41781380d295db620c101c29d4dc88042
DTXFiles.HPA-192-benchmark/Kokuu, mugi no kaze/lowtom.XA	3307	b9c67b49a6159df1821dbf07349e7c0a32b1c2cfba490afc65474c6655d52c34
DTXFiles.HPA-192-benchmark/Kokuu, mugi no kaze/midtom.xa	2607	5592a737974e49553072e5822a525d536100aa62a18513f350fee4c48960817c
DTXFiles.HPA-192-benchmark/Kokuu, mugi no kaze/preview.jpg	222978	a9ee2249e1cbc1c23f87b6ffba18b6308bbcfc5dfe41ee26cb5a282931a53904
DTXFiles.HPA-192-benchmark/Kokuu, mugi no kaze/preview.mp3	262672	a01166219d7457a833e731ec658c1a1f43bfb2fef2050d3418fd75bdd6fedc1f
DTXFiles.HPA-192-benchmark/Kokuu, mugi no kaze/snare.xa	8957	a861575107f377694e1aec364a97a81921af1ff6354b03b072edfbc4dba6d594
DTXFiles.HPA-192-benchmark/Ryu_s Theme/SET.def	330	9975ad45077e1f6c2d04c7b1517c7d1bd7a68b480a8773c24a9fd660b44b7360
DTXFiles.HPA-192-benchmark/Ryu_s Theme/adv.dtx	8634	9eb28f79205a52e487da99e26ab997dff1b638adad37908762b3504d3eb8d821
DTXFiles.HPA-192-benchmark/Ryu_s Theme/bas.dtx	6754	20b7e4af50e5d795973fd76ea81c4be93384b4c1d916ecbd3c4cc37de45bcb70
DTXFiles.HPA-192-benchmark/Ryu_s Theme/bass.xa	4282	6094131778c16c0e2fad78fb6740b1b195a6c805703226e1dc78f4b6c22dbe31
DTXFiles.HPA-192-benchmark/Ryu_s Theme/bgm.ogg	1638546	f745e22c0909c08e7ede0c55cc9d96ffedecee9889191734d9a01e9b806797fd
DTXFiles.HPA-192-benchmark/Ryu_s Theme/china.ogg	26060	bfc683ace1684b4e04ea6f7240ffb1aeea971caa2265a7bf85b7bd9fb325234c
DTXFiles.HPA-192-benchmark/Ryu_s Theme/crash cymbal 2.xa	16282	fe7707cd73a66a0f845db9e816f780c0d0bdf91a7b20e630c5775df960f1a6b2
DTXFiles.HPA-192-benchmark/Ryu_s Theme/crash cymbal.xa	16157	d387e094cc96764753965df226612f5b02569371ada5f987d10786bece160fb1
DTXFiles.HPA-192-benchmark/Ryu_s Theme/crash_mute.ogg	22284	935ba7604a3171a4c5e3fb264b9b7d4063873019c1a8f77c0355f501d3421e56
DTXFiles.HPA-192-benchmark/Ryu_s Theme/ext.dtx	9550	026956f22384bb54d16a93fba6bd96604d669e44934a7c7d5600f3e15c7c4738
DTXFiles.HPA-192-benchmark/Ryu_s Theme/floortom.xa	5582	47f8adadac85ad6e91c071d212471239aa90956a6922a82fe813bfae13fa8197
DTXFiles.HPA-192-benchmark/Ryu_s Theme/highhatfoot.ogg	23914	06861aa7095463fc83fc4bf9f8be58fcb731d75bd0a6da54da1ead582ca77eb4
DTXFiles.HPA-192-benchmark/Ryu_s Theme/highhatopen.ogg	15013	46fcb8f1e3f4cb2f3aa04963dfb43778bcdacb4369f2e92d1d2fd4ca21112fdc
DTXFiles.HPA-192-benchmark/Ryu_s Theme/hightom.xa	2057	08c693157c5b047754be41d27a14bded5dcc5ccb10993c8eb681cdf44dabbd74
DTXFiles.HPA-192-benchmark/Ryu_s Theme/hihatclose.xa	3082	b66614d0173464d20b20396a17fbe5a41781380d295db620c101c29d4dc88042
DTXFiles.HPA-192-benchmark/Ryu_s Theme/lowtom.XA	3307	b9c67b49a6159df1821dbf07349e7c0a32b1c2cfba490afc65474c6655d52c34
DTXFiles.HPA-192-benchmark/Ryu_s Theme/mas.dtx	10652	5c572b1c10cb44c31ce39eb96df9688847835ef4181060079a281e765755bca5
DTXFiles.HPA-192-benchmark/Ryu_s Theme/midtom.xa	2607	5592a737974e49553072e5822a525d536100aa62a18513f350fee4c48960817c
DTXFiles.HPA-192-benchmark/Ryu_s Theme/preview.jpg	69060	926b5f8afaaf839517e11f716f8f9ef05bbc04521baa303d68f5bbdb0b9e1c96
DTXFiles.HPA-192-benchmark/Ryu_s Theme/preview.mp3	255258	3f352b6b4a684acf89d4f568cdb7c4489b77be653c736f029deb6899f7c5159a
DTXFiles.HPA-192-benchmark/Ryu_s Theme/ride.ogg	25031	ff33c3c3d7b670892973847f1536621ee8e9fc0e9a6e9fd9c5979b92433a70cd
DTXFiles.HPA-192-benchmark/Ryu_s Theme/snare.ogg	20171	bea218b8c590cb67be7f925a663b781d03aa55e761f02587f462c7e962f7e27b
DTXFiles.HPA-192-benchmark/Ryu_s Theme/splash cymbal.ogg	24332	d075fd48eae9c4b7c55caa2f3bec55787c11aa9e96b528e42aeb31bcf5b7d63c
DTXFiles.HPA-192-benchmark/ash to ash/SET.def	328	251849270629b063d634571a898f23d83b49b4a4265779262529cd376863f422
DTXFiles.HPA-192-benchmark/ash to ash/adv.dtx	5488	0b10d2fd9e2fb24f011257d9516efd03dcab851c4cfce54107249b578fa0e974
DTXFiles.HPA-192-benchmark/ash to ash/bas.dtx	4562	595e705461353ab16992850242913a36d7488ac55a67aaddc2a99847daf1bf31
DTXFiles.HPA-192-benchmark/ash to ash/bass.ogg	12598	170d18df72317b4f3db068038e7c65458ef8bd03d938904dc0270650ac8a50cd
DTXFiles.HPA-192-benchmark/ash to ash/bgm.ogg	1316305	6251feb66ed5dd2964b01533da780bc87e9d323a75e6205aba3349877faa0bcc
DTXFiles.HPA-192-benchmark/ash to ash/china.ogg	26060	bfc683ace1684b4e04ea6f7240ffb1aeea971caa2265a7bf85b7bd9fb325234c
DTXFiles.HPA-192-benchmark/ash to ash/crash cymbal.ogg	82103	4ad414e850c8b1fb563c71694b9acb618f898f9c468336c578be9667e2548b3d
DTXFiles.HPA-192-benchmark/ash to ash/crash_mute.ogg	22284	935ba7604a3171a4c5e3fb264b9b7d4063873019c1a8f77c0355f501d3421e56
DTXFiles.HPA-192-benchmark/ash to ash/ext.dtx	5878	ce477e2ddf48da07b18a7e1354e9e5b45d810478da54b3aeb1c483362e31fca1
DTXFiles.HPA-192-benchmark/ash to ash/floortom.ogg	31126	a325c3fbaf812fa097143c8396d28f802edae3d71bfd464342b4f53501eccc33
DTXFiles.HPA-192-benchmark/ash to ash/highhatclose.ogg	9838	edd7020fd51f073e3f0f0a2e4056d37914776e590f857b8af881a5ee81fb6b76
DTXFiles.HPA-192-benchmark/ash to ash/highhatfoot.ogg	23914	06861aa7095463fc83fc4bf9f8be58fcb731d75bd0a6da54da1ead582ca77eb4
DTXFiles.HPA-192-benchmark/ash to ash/highhatopen.ogg	15013	46fcb8f1e3f4cb2f3aa04963dfb43778bcdacb4369f2e92d1d2fd4ca21112fdc
DTXFiles.HPA-192-benchmark/ash to ash/highhatopen2.ogg	33351	1b2ce762b023485168d555aaf297dc6a37aea556fa8cbdd79382c42d1202de5a
DTXFiles.HPA-192-benchmark/ash to ash/highhatopen3.ogg	27467	eb6cbfccedcb117cf966a43b6c665e5032453deba619df9221d8775c12676a42
DTXFiles.HPA-192-benchmark/ash to ash/hightom.ogg	22031	36775b59023b866001557511234ab5559b1db13481036db652a40fb4d7513d8f
DTXFiles.HPA-192-benchmark/ash to ash/lowtom.ogg	23589	550b558a91e0db56a53b4a0140336e7ee897afde6da29d3d4085aa8370a40f4d
DTXFiles.HPA-192-benchmark/ash to ash/medium_crash.ogg	77140	46dcf35c919ca08ea528a5da6bb8904f92d4f187781f2ee2fad431ff76234888
DTXFiles.HPA-192-benchmark/ash to ash/midtom.ogg	20739	3f7b88093012ee66da7c13758a91909575fe17209043995773f0f82a26659944
DTXFiles.HPA-192-benchmark/ash to ash/preview.jpg	40667	3e70625dc2425ef1cfbe8feb9a67c74968cc4d5e906257eae09405de6862bbdb
DTXFiles.HPA-192-benchmark/ash to ash/preview.mp3	300598	ea898f79f2b6d463f49e13d98be2886f8eef04deecc9c4bc6a3edb479e3e988e
DTXFiles.HPA-192-benchmark/ash to ash/ride cymbal.ogg	25031	ff33c3c3d7b670892973847f1536621ee8e9fc0e9a6e9fd9c5979b92433a70cd
DTXFiles.HPA-192-benchmark/ash to ash/rimshot.ogg	18551	5bb65d53454e0e6ec34414f07878c7d2488f9666359c8214b1cc51cc7dc1fb1f
DTXFiles.HPA-192-benchmark/ash to ash/sidestick.ogg	17167	52dff245cfa2da5e249cf6f6280f3fe0bbb1c1af9ef4022a4c3469e4f8619413
DTXFiles.HPA-192-benchmark/ash to ash/snare.ogg	20171	bea218b8c590cb67be7f925a663b781d03aa55e761f02587f462c7e962f7e27b
DTXFiles.HPA-192-benchmark/ash to ash/splash cymbal.ogg	24332	d075fd48eae9c4b7c55caa2f3bec55787c11aa9e96b528e42aeb31bcf5b7d63c
DTXFiles.HPA-192-benchmark/bokura no memories/SET.def	330	192ab74572cca449761f47e0c7037020a6f973fe141ff7830650cb6f22a42605
DTXFiles.HPA-192-benchmark/bokura no memories/adv.dtx	7576	e23c9f5966db477861ff1852bbe247e65b833ece2381d898b9da639f4b817ccf
DTXFiles.HPA-192-benchmark/bokura no memories/bas.dtx	5872	16bdc6ea92e53be16527bfbb48e6efbcbc25aa4182f6be1261bf2d0b333c0972
DTXFiles.HPA-192-benchmark/bokura no memories/bass.xa	4282	6094131778c16c0e2fad78fb6740b1b195a6c805703226e1dc78f4b6c22dbe31
DTXFiles.HPA-192-benchmark/bokura no memories/bgm.ogg	1299066	2b3b0bd7293be89ffc85ff5a872278affe65793434b56ae2c4853866ebf1694f
DTXFiles.HPA-192-benchmark/bokura no memories/china.ogg	26060	bfc683ace1684b4e04ea6f7240ffb1aeea971caa2265a7bf85b7bd9fb325234c
DTXFiles.HPA-192-benchmark/bokura no memories/crash cymbal 2.xa	16282	fe7707cd73a66a0f845db9e816f780c0d0bdf91a7b20e630c5775df960f1a6b2
DTXFiles.HPA-192-benchmark/bokura no memories/crash cymbal.xa	16157	d387e094cc96764753965df226612f5b02569371ada5f987d10786bece160fb1
DTXFiles.HPA-192-benchmark/bokura no memories/crash_mute.ogg	22284	935ba7604a3171a4c5e3fb264b9b7d4063873019c1a8f77c0355f501d3421e56
DTXFiles.HPA-192-benchmark/bokura no memories/ext.dtx	8978	1ec1a28476483598f767dd5a5af7fb8c09bb392e037ce47ecd5749173e681a3b
DTXFiles.HPA-192-benchmark/bokura no memories/floortom.xa	5582	47f8adadac85ad6e91c071d212471239aa90956a6922a82fe813bfae13fa8197
DTXFiles.HPA-192-benchmark/bokura no memories/highhatfoot.ogg	23914	06861aa7095463fc83fc4bf9f8be58fcb731d75bd0a6da54da1ead582ca77eb4
DTXFiles.HPA-192-benchmark/bokura no memories/highhatopen.ogg	15013	46fcb8f1e3f4cb2f3aa04963dfb43778bcdacb4369f2e92d1d2fd4ca21112fdc
DTXFiles.HPA-192-benchmark/bokura no memories/hightom.xa	2057	08c693157c5b047754be41d27a14bded5dcc5ccb10993c8eb681cdf44dabbd74
DTXFiles.HPA-192-benchmark/bokura no memories/hihatclose.xa	3082	b66614d0173464d20b20396a17fbe5a41781380d295db620c101c29d4dc88042
DTXFiles.HPA-192-benchmark/bokura no memories/lowtom.XA	3307	b9c67b49a6159df1821dbf07349e7c0a32b1c2cfba490afc65474c6655d52c34
DTXFiles.HPA-192-benchmark/bokura no memories/mas.dtx	10455	0c6d84f4f5803f5515692cf7e9e5e355bc00a2faaf0be09c9a8cf35b4afe2784
DTXFiles.HPA-192-benchmark/bokura no memories/midtom.xa	2607	5592a737974e49553072e5822a525d536100aa62a18513f350fee4c48960817c
DTXFiles.HPA-192-benchmark/bokura no memories/preview.jpg	28230	85c4342c049480e60e09305d631e18c4290e1c677b8bbdc50ce7e2807306d598
DTXFiles.HPA-192-benchmark/bokura no memories/preview.mp3	277274	68d476a3261ab3e997ee88b95ab4ea182094d9ce6b88e6bc7c045098bae5ed1b
DTXFiles.HPA-192-benchmark/bokura no memories/ride.xa	147032	28670318cbfc3c938bd425f410c3c5c2f3f3da2bdb8f47e0b70bd49ccecd0dc1
DTXFiles.HPA-192-benchmark/bokura no memories/snare.xa	8957	a861575107f377694e1aec364a97a81921af1ff6354b03b072edfbc4dba6d594
DTXFiles.HPA-192-benchmark/bokura no memories/splash cymbal.ogg	24332	d075fd48eae9c4b7c55caa2f3bec55787c11aa9e96b528e42aeb31bcf5b7d63c
DTXFiles.HPA-192-benchmark/butterfly (animetal)/SET.def	328	de913a9a9ea05ad68f11d3f3bd29c98fbfe28094e03564f3bcff18a4d5a0df34
DTXFiles.HPA-192-benchmark/butterfly (animetal)/adv.dtx	9139	6eae8809d4c91ac317e4216354c2cc58a1ac2a83923c1ee7f7bb023ac98bd846
DTXFiles.HPA-192-benchmark/butterfly (animetal)/bas.dtx	6691	7b8e03b4059c773739187264f7ed116bc97204b9a5f39acf1672abeb0a96010d
DTXFiles.HPA-192-benchmark/butterfly (animetal)/bass.xa	4282	6094131778c16c0e2fad78fb6740b1b195a6c805703226e1dc78f4b6c22dbe31
DTXFiles.HPA-192-benchmark/butterfly (animetal)/bgm.ogg	964550	215a6466e01912ac849756f1e063e06c5df40ffba9aaef7e6ea310bd4de3ea88
DTXFiles.HPA-192-benchmark/butterfly (animetal)/china.ogg	26060	bfc683ace1684b4e04ea6f7240ffb1aeea971caa2265a7bf85b7bd9fb325234c
DTXFiles.HPA-192-benchmark/butterfly (animetal)/crash cymbal 2.xa	16282	fe7707cd73a66a0f845db9e816f780c0d0bdf91a7b20e630c5775df960f1a6b2
DTXFiles.HPA-192-benchmark/butterfly (animetal)/crash cymbal.xa	16157	d387e094cc96764753965df226612f5b02569371ada5f987d10786bece160fb1
DTXFiles.HPA-192-benchmark/butterfly (animetal)/crash_mute.ogg	22284	935ba7604a3171a4c5e3fb264b9b7d4063873019c1a8f77c0355f501d3421e56
DTXFiles.HPA-192-benchmark/butterfly (animetal)/ext.dtx	11281	b4b6d71996fbbd4adc45ae9b1d6fa169250dd736ca85f5c06d475b5920c1c737
DTXFiles.HPA-192-benchmark/butterfly (animetal)/floortom.xa	5582	47f8adadac85ad6e91c071d212471239aa90956a6922a82fe813bfae13fa8197
DTXFiles.HPA-192-benchmark/butterfly (animetal)/highhatfoot.ogg	23914	06861aa7095463fc83fc4bf9f8be58fcb731d75bd0a6da54da1ead582ca77eb4
DTXFiles.HPA-192-benchmark/butterfly (animetal)/highhatopen.ogg	15013	46fcb8f1e3f4cb2f3aa04963dfb43778bcdacb4369f2e92d1d2fd4ca21112fdc
DTXFiles.HPA-192-benchmark/butterfly (animetal)/hightom.xa	2057	08c693157c5b047754be41d27a14bded5dcc5ccb10993c8eb681cdf44dabbd74
DTXFiles.HPA-192-benchmark/butterfly (animetal)/hihatclose.xa	3082	b66614d0173464d20b20396a17fbe5a41781380d295db620c101c29d4dc88042
DTXFiles.HPA-192-benchmark/butterfly (animetal)/lowtom.XA	3307	b9c67b49a6159df1821dbf07349e7c0a32b1c2cfba490afc65474c6655d52c34
DTXFiles.HPA-192-benchmark/butterfly (animetal)/mas.dtx	11768	700c89348dd4b36ce453db8a1e0cfcfce4831d32ab5c68d42c2b88b9f4da4787
DTXFiles.HPA-192-benchmark/butterfly (animetal)/midtom.xa	2607	5592a737974e49553072e5822a525d536100aa62a18513f350fee4c48960817c
DTXFiles.HPA-192-benchmark/butterfly (animetal)/preview.jpg	296692	f5d0eef2ab2d6ea54de4525bd60bc541f9ccff306f87a15c197902a471180a2b
DTXFiles.HPA-192-benchmark/butterfly (animetal)/preview.mp3	118727	dcb5f908302a2d95a6d57f383b679480031bda56fbcdf2ea67ee0ca5e7c7c5ec
DTXFiles.HPA-192-benchmark/butterfly (animetal)/ride.xa	147032	28670318cbfc3c938bd425f410c3c5c2f3f3da2bdb8f47e0b70bd49ccecd0dc1
DTXFiles.HPA-192-benchmark/butterfly (animetal)/snare.xa	8957	a861575107f377694e1aec364a97a81921af1ff6354b03b072edfbc4dba6d594
DTXFiles.HPA-192-benchmark/butterfly (animetal)/splash cymbal.ogg	24332	d075fd48eae9c4b7c55caa2f3bec55787c11aa9e96b528e42aeb31bcf5b7d63c
DTXFiles.HPA-192-benchmark/dark knight/SET.def	330	0daaf8bcc9bdf0fc7faa7cc03b4180d8eea0fb19daf3043fca90c87132fc8de4
DTXFiles.HPA-192-benchmark/dark knight/adv.dtx	6630	1cc44a6f27e13869673b030941f2827736c4bf6641d0c5aa7cfdcfdb40320559
DTXFiles.HPA-192-benchmark/dark knight/bas.dtx	5696	e2acab6f9e9f0e377710617b9ba1a195ab3839dd2a8011eb4cfe2424138b1b0b
DTXFiles.HPA-192-benchmark/dark knight/bass.ogg	12598	170d18df72317b4f3db068038e7c65458ef8bd03d938904dc0270650ac8a50cd
DTXFiles.HPA-192-benchmark/dark knight/bgm.ogg	1327745	b1f25c64b50b1e75782784a916cc196e8562e559ae88dc2a32b60d9b32fe780a
DTXFiles.HPA-192-benchmark/dark knight/china.ogg	26060	bfc683ace1684b4e04ea6f7240ffb1aeea971caa2265a7bf85b7bd9fb325234c
DTXFiles.HPA-192-benchmark/dark knight/crash cymbal.ogg	82103	4ad414e850c8b1fb563c71694b9acb618f898f9c468336c578be9667e2548b3d
DTXFiles.HPA-192-benchmark/dark knight/ext.dtx	7412	8c45ab0fabdddc84fa22d628f287cf9713d7e0d052e11ca530ed8c756a342554
DTXFiles.HPA-192-benchmark/dark knight/floortom.ogg	31126	a325c3fbaf812fa097143c8396d28f802edae3d71bfd464342b4f53501eccc33
DTXFiles.HPA-192-benchmark/dark knight/highhatclose.ogg	9838	edd7020fd51f073e3f0f0a2e4056d37914776e590f857b8af881a5ee81fb6b76
DTXFiles.HPA-192-benchmark/dark knight/highhatfoot.ogg	23914	06861aa7095463fc83fc4bf9f8be58fcb731d75bd0a6da54da1ead582ca77eb4
DTXFiles.HPA-192-benchmark/dark knight/highhatopen.ogg	15013	46fcb8f1e3f4cb2f3aa04963dfb43778bcdacb4369f2e92d1d2fd4ca21112fdc
DTXFiles.HPA-192-benchmark/dark knight/highhatopen2.ogg	33351	1b2ce762b023485168d555aaf297dc6a37aea556fa8cbdd79382c42d1202de5a
DTXFiles.HPA-192-benchmark/dark knight/highhatopen3.ogg	27467	eb6cbfccedcb117cf966a43b6c665e5032453deba619df9221d8775c12676a42
DTXFiles.HPA-192-benchmark/dark knight/hightom.ogg	22031	36775b59023b866001557511234ab5559b1db13481036db652a40fb4d7513d8f
DTXFiles.HPA-192-benchmark/dark knight/lowtom.ogg	23589	550b558a91e0db56a53b4a0140336e7ee897afde6da29d3d4085aa8370a40f4d
DTXFiles.HPA-192-benchmark/dark knight/medium_crash.ogg	77140	46dcf35c919ca08ea528a5da6bb8904f92d4f187781f2ee2fad431ff76234888
DTXFiles.HPA-192-benchmark/dark knight/midtom.ogg	20739	3f7b88093012ee66da7c13758a91909575fe17209043995773f0f82a26659944
DTXFiles.HPA-192-benchmark/dark knight/preview.jpg	43165	222b416b24b472b6e69bdba3dae47fca7989931f01a7295ad37deec8581116e7
DTXFiles.HPA-192-benchmark/dark knight/preview.mp3	295637	bd292f678afb04cf0623dbab4317fab5b20a554f212c74456231d799efce5fd6
DTXFiles.HPA-192-benchmark/dark knight/snare.ogg	20171	bea218b8c590cb67be7f925a663b781d03aa55e761f02587f462c7e962f7e27b
DTXFiles.HPA-192-benchmark/fantaisie Impromptu/SET.def	318	3c17da78459c0ad1b8d2a6fb9240c97f6b143f007ba1eaade103c6ea662109a0
DTXFiles.HPA-192-benchmark/fantaisie Impromptu/adv.dtx	7243	f02fea2ab0430894b761252bb50de3ac8cd9ece8908c497d6e128f4624037cc7
DTXFiles.HPA-192-benchmark/fantaisie Impromptu/bas.dtx	5817	ffa06258e40443c57230d4964f493a3c123c883ea7af5a76f78cec5eb82e9889
DTXFiles.HPA-192-benchmark/fantaisie Impromptu/bass.xa	4282	6094131778c16c0e2fad78fb6740b1b195a6c805703226e1dc78f4b6c22dbe31
DTXFiles.HPA-192-benchmark/fantaisie Impromptu/bgm.ogg	1306413	6a6360fc2bf4a443392ed080190d04f96fb3a77cf7af5b8356d94d0fa36837c3
DTXFiles.HPA-192-benchmark/fantaisie Impromptu/china.ogg	26060	bfc683ace1684b4e04ea6f7240ffb1aeea971caa2265a7bf85b7bd9fb325234c
DTXFiles.HPA-192-benchmark/fantaisie Impromptu/crash cymbal 2.xa	16282	fe7707cd73a66a0f845db9e816f780c0d0bdf91a7b20e630c5775df960f1a6b2
DTXFiles.HPA-192-benchmark/fantaisie Impromptu/crash cymbal.xa	16157	d387e094cc96764753965df226612f5b02569371ada5f987d10786bece160fb1
DTXFiles.HPA-192-benchmark/fantaisie Impromptu/crash_mute.ogg	22284	935ba7604a3171a4c5e3fb264b9b7d4063873019c1a8f77c0355f501d3421e56
DTXFiles.HPA-192-benchmark/fantaisie Impromptu/ext.dtx	8977	1e5f57eccec2f80f574cdb9c5cc6aacda525177d48610253d51ff5048cded717
DTXFiles.HPA-192-benchmark/fantaisie Impromptu/floortom.xa	5582	47f8adadac85ad6e91c071d212471239aa90956a6922a82fe813bfae13fa8197
DTXFiles.HPA-192-benchmark/fantaisie Impromptu/highhatfoot.ogg	23914	06861aa7095463fc83fc4bf9f8be58fcb731d75bd0a6da54da1ead582ca77eb4
DTXFiles.HPA-192-benchmark/fantaisie Impromptu/highhatopen.ogg	15013	46fcb8f1e3f4cb2f3aa04963dfb43778bcdacb4369f2e92d1d2fd4ca21112fdc
DTXFiles.HPA-192-benchmark/fantaisie Impromptu/highhatopen2.ogg	33351	1b2ce762b023485168d555aaf297dc6a37aea556fa8cbdd79382c42d1202de5a
DTXFiles.HPA-192-benchmark/fantaisie Impromptu/hightom.xa	2057	08c693157c5b047754be41d27a14bded5dcc5ccb10993c8eb681cdf44dabbd74
DTXFiles.HPA-192-benchmark/fantaisie Impromptu/hihatclose.xa	3082	b66614d0173464d20b20396a17fbe5a41781380d295db620c101c29d4dc88042
DTXFiles.HPA-192-benchmark/fantaisie Impromptu/lowtom.XA	3307	b9c67b49a6159df1821dbf07349e7c0a32b1c2cfba490afc65474c6655d52c34
DTXFiles.HPA-192-benchmark/fantaisie Impromptu/mas.dtx	10025	b39e53ee09f4bf36f7f10a8ed024c95affd1372db5ea94783ecdd87e4049010b
DTXFiles.HPA-192-benchmark/fantaisie Impromptu/midtom.xa	2607	5592a737974e49553072e5822a525d536100aa62a18513f350fee4c48960817c
DTXFiles.HPA-192-benchmark/fantaisie Impromptu/preview.jpg	71557	f4883cff2f49c9d4916b602938d3d2b7a58c7e4a7e9c17649b47361f89ef9f05
DTXFiles.HPA-192-benchmark/fantaisie Impromptu/preview.mp3	284548	5b91d5f548850075763ef2e4f54c5a66a61e56589ba79685203b3abfec494d06
DTXFiles.HPA-192-benchmark/fantaisie Impromptu/ride.xa	147032	28670318cbfc3c938bd425f410c3c5c2f3f3da2bdb8f47e0b70bd49ccecd0dc1
DTXFiles.HPA-192-benchmark/fantaisie Impromptu/snare.xa	8957	a861575107f377694e1aec364a97a81921af1ff6354b03b072edfbc4dba6d594
DTXFiles.HPA-192-benchmark/linda linda/SET.def	320	47fca9bdb73a8460e34fb6445edde9d26e9aae3b88f75cc8836cda3b0010f101
DTXFiles.HPA-192-benchmark/linda linda/adv.dtx	7886	c03c7b4800606f4217e0c80475096810162af1116260da5709cfc1f468333110
DTXFiles.HPA-192-benchmark/linda linda/bas.dtx	6836	f295e944a35f67ddcde25472d13609dfb08b8744f80e0f3079ad2c1d5da8bb5b
DTXFiles.HPA-192-benchmark/linda linda/bass.xa	4282	6094131778c16c0e2fad78fb6740b1b195a6c805703226e1dc78f4b6c22dbe31
DTXFiles.HPA-192-benchmark/linda linda/bgm.ogg	1702993	79f4b5fa6242529acb600e7a27ee94fbb54c26a2b0c915136c346d0ff5b2fd5c
DTXFiles.HPA-192-benchmark/linda linda/china.ogg	26060	bfc683ace1684b4e04ea6f7240ffb1aeea971caa2265a7bf85b7bd9fb325234c
DTXFiles.HPA-192-benchmark/linda linda/crash cymbal 2.xa	16282	fe7707cd73a66a0f845db9e816f780c0d0bdf91a7b20e630c5775df960f1a6b2
DTXFiles.HPA-192-benchmark/linda linda/crash cymbal.xa	16157	d387e094cc96764753965df226612f5b02569371ada5f987d10786bece160fb1
DTXFiles.HPA-192-benchmark/linda linda/ext.dtx	8452	700aa45508679cab71a0ee3d0ae890b9d18ae992b4498754f5f8c510f6ccbfe3
DTXFiles.HPA-192-benchmark/linda linda/floortom.xa	5582	47f8adadac85ad6e91c071d212471239aa90956a6922a82fe813bfae13fa8197
DTXFiles.HPA-192-benchmark/linda linda/highhatfoot.ogg	23914	06861aa7095463fc83fc4bf9f8be58fcb731d75bd0a6da54da1ead582ca77eb4
DTXFiles.HPA-192-benchmark/linda linda/highhatopen.ogg	15013	46fcb8f1e3f4cb2f3aa04963dfb43778bcdacb4369f2e92d1d2fd4ca21112fdc
DTXFiles.HPA-192-benchmark/linda linda/highhatopen2.ogg	33351	1b2ce762b023485168d555aaf297dc6a37aea556fa8cbdd79382c42d1202de5a
DTXFiles.HPA-192-benchmark/linda linda/hightom.xa	2057	08c693157c5b047754be41d27a14bded5dcc5ccb10993c8eb681cdf44dabbd74
DTXFiles.HPA-192-benchmark/linda linda/hihatclose.xa	3082	b66614d0173464d20b20396a17fbe5a41781380d295db620c101c29d4dc88042
DTXFiles.HPA-192-benchmark/linda linda/lowtom.XA	3307	b9c67b49a6159df1821dbf07349e7c0a32b1c2cfba490afc65474c6655d52c34
DTXFiles.HPA-192-benchmark/linda linda/midtom.xa	2607	5592a737974e49553072e5822a525d536100aa62a18513f350fee4c48960817c
DTXFiles.HPA-192-benchmark/linda linda/preview.jpg	14239	779a43b6992a3dadf6461d1f168d6113b5aeb1f81ef83be10f43f5afdf266d0c
DTXFiles.HPA-192-benchmark/linda linda/preview.mp3	249004	420c102cc83769d06e78abb8b287a8c996b7032fd54b3687f68deb264811ca51
DTXFiles.HPA-192-benchmark/linda linda/ride.xa	147032	28670318cbfc3c938bd425f410c3c5c2f3f3da2bdb8f47e0b70bd49ccecd0dc1
DTXFiles.HPA-192-benchmark/linda linda/snare.xa	8957	a861575107f377694e1aec364a97a81921af1ff6354b03b072edfbc4dba6d594
DTXFiles.HPA-192-benchmark/link link fever!!!/SET.def	344	0b2988d2f2d65dc424178661557625ccd941f7d66aacbb9548b35c37cd0a91d5
DTXFiles.HPA-192-benchmark/link link fever!!!/adv.dtx	7974	c2c0c1db71b991049928fa44d6d66c5e7777c030aa719b4ed67df7c119ab35d7
DTXFiles.HPA-192-benchmark/link link fever!!!/bas.dtx	6632	cc31c1ccedb6350b2c773fda144a67919744b5bffbafc677be9e0e4710c35504
DTXFiles.HPA-192-benchmark/link link fever!!!/bass.xa	4282	6094131778c16c0e2fad78fb6740b1b195a6c805703226e1dc78f4b6c22dbe31
DTXFiles.HPA-192-benchmark/link link fever!!!/bgm.ogg	1768915	a98b74c105cffb09d89ba504b245ba0e85cccc8d684f1f5f522ca13c3f7cfa7e
DTXFiles.HPA-192-benchmark/link link fever!!!/crash cymbal 2.xa	16282	fe7707cd73a66a0f845db9e816f780c0d0bdf91a7b20e630c5775df960f1a6b2
DTXFiles.HPA-192-benchmark/link link fever!!!/crash cymbal.xa	16157	d387e094cc96764753965df226612f5b02569371ada5f987d10786bece160fb1
DTXFiles.HPA-192-benchmark/link link fever!!!/crash_mute.ogg	22284	935ba7604a3171a4c5e3fb264b9b7d4063873019c1a8f77c0355f501d3421e56
DTXFiles.HPA-192-benchmark/link link fever!!!/ext.dtx	8933	ef5a7dc62b1f3c9c43419b21b0fa3590ae7ecd2b98666f488bcd7cce29e68e86
DTXFiles.HPA-192-benchmark/link link fever!!!/floortom.xa	5582	47f8adadac85ad6e91c071d212471239aa90956a6922a82fe813bfae13fa8197
DTXFiles.HPA-192-benchmark/link link fever!!!/highhatfoot.ogg	23914	06861aa7095463fc83fc4bf9f8be58fcb731d75bd0a6da54da1ead582ca77eb4
DTXFiles.HPA-192-benchmark/link link fever!!!/highhatopen.ogg	15013	46fcb8f1e3f4cb2f3aa04963dfb43778bcdacb4369f2e92d1d2fd4ca21112fdc
DTXFiles.HPA-192-benchmark/link link fever!!!/hightom.xa	2057	08c693157c5b047754be41d27a14bded5dcc5ccb10993c8eb681cdf44dabbd74
DTXFiles.HPA-192-benchmark/link link fever!!!/hihatclose.xa	3082	b66614d0173464d20b20396a17fbe5a41781380d295db620c101c29d4dc88042
DTXFiles.HPA-192-benchmark/link link fever!!!/lowtom.XA	3307	b9c67b49a6159df1821dbf07349e7c0a32b1c2cfba490afc65474c6655d52c34
DTXFiles.HPA-192-benchmark/link link fever!!!/midtom.xa	2607	5592a737974e49553072e5822a525d536100aa62a18513f350fee4c48960817c
DTXFiles.HPA-192-benchmark/link link fever!!!/preview.jpg	51121	f18f9d48d41b6415af8819e0ec9283779eeb683e3273fab1bb63fbdc957c5043
DTXFiles.HPA-192-benchmark/link link fever!!!/preview.mp3	251515	21b8adb123949fb1ae045977ccbff1e64981f0203e67af82f3af54916b4843ea
DTXFiles.HPA-192-benchmark/link link fever!!!/sidestick.ogg	17167	52dff245cfa2da5e249cf6f6280f3fe0bbb1c1af9ef4022a4c3469e4f8619413
DTXFiles.HPA-192-benchmark/link link fever!!!/snare.xa	8957	a861575107f377694e1aec364a97a81921af1ff6354b03b072edfbc4dba6d594
DTXFiles.HPA-192-benchmark/orgasm/SET.def	320	6ee09c88800e2b77041b8c331177b7fd9463ee7dc7911da410f51eb1dacc767f
DTXFiles.HPA-192-benchmark/orgasm/adv.dtx	12000	fa822858444f9dfd0efdbd0a4a14051ed367532980b147628affc7506f82957c
DTXFiles.HPA-192-benchmark/orgasm/bas.dtx	8129	d5499e018d116151217b8f1bbcc2d192c433cdc3a43f757116741ff97c036ce9
DTXFiles.HPA-192-benchmark/orgasm/bass.xa	4282	6094131778c16c0e2fad78fb6740b1b195a6c805703226e1dc78f4b6c22dbe31
DTXFiles.HPA-192-benchmark/orgasm/bgm.ogg	1625116	f1b4f414f39de66196775fec2c8ced727c518bbab18f5e682946bcec323ef3eb
DTXFiles.HPA-192-benchmark/orgasm/china.ogg	26060	bfc683ace1684b4e04ea6f7240ffb1aeea971caa2265a7bf85b7bd9fb325234c
DTXFiles.HPA-192-benchmark/orgasm/crash cymbal 2.xa	16282	fe7707cd73a66a0f845db9e816f780c0d0bdf91a7b20e630c5775df960f1a6b2
DTXFiles.HPA-192-benchmark/orgasm/crash cymbal.xa	16157	d387e094cc96764753965df226612f5b02569371ada5f987d10786bece160fb1
DTXFiles.HPA-192-benchmark/orgasm/crash_mute.ogg	22284	935ba7604a3171a4c5e3fb264b9b7d4063873019c1a8f77c0355f501d3421e56
DTXFiles.HPA-192-benchmark/orgasm/ext.dtx	14872	1df0b1c00d86718c6c54f86201a04ba0f46a98d3e3986ac3c759b51a0bfa1c6e
DTXFiles.HPA-192-benchmark/orgasm/floortom.xa	5582	47f8adadac85ad6e91c071d212471239aa90956a6922a82fe813bfae13fa8197
DTXFiles.HPA-192-benchmark/orgasm/highhatfoot.ogg	23914	06861aa7095463fc83fc4bf9f8be58fcb731d75bd0a6da54da1ead582ca77eb4
DTXFiles.HPA-192-benchmark/orgasm/highhatopen.ogg	15013	46fcb8f1e3f4cb2f3aa04963dfb43778bcdacb4369f2e92d1d2fd4ca21112fdc
DTXFiles.HPA-192-benchmark/orgasm/hightom.xa	2057	08c693157c5b047754be41d27a14bded5dcc5ccb10993c8eb681cdf44dabbd74
DTXFiles.HPA-192-benchmark/orgasm/hihatclose.xa	3082	b66614d0173464d20b20396a17fbe5a41781380d295db620c101c29d4dc88042
DTXFiles.HPA-192-benchmark/orgasm/lowtom.XA	3307	b9c67b49a6159df1821dbf07349e7c0a32b1c2cfba490afc65474c6655d52c34
DTXFiles.HPA-192-benchmark/orgasm/mas.dtx	16820	af323a1b03afdc15d3a7f4be1f5a59c193103a245f6993009f82e1eb726f24fa
DTXFiles.HPA-192-benchmark/orgasm/midtom.xa	2607	5592a737974e49553072e5822a525d536100aa62a18513f350fee4c48960817c
DTXFiles.HPA-192-benchmark/orgasm/preview.jpg	26850	3a15320d666cfcd50222c0afdf9d38c0ffd18fdde5a535c723cc9a0eddfefe36
DTXFiles.HPA-192-benchmark/orgasm/preview.mp3	248695	9ddef27a6105562f34f1270e8eea91f2f4c8368a4916333e78b2956d1afd81f7
DTXFiles.HPA-192-benchmark/orgasm/ride.xa	147032	28670318cbfc3c938bd425f410c3c5c2f3f3da2bdb8f47e0b70bd49ccecd0dc1
DTXFiles.HPA-192-benchmark/orgasm/snare.xa	8957	a861575107f377694e1aec364a97a81921af1ff6354b03b072edfbc4dba6d594
DTXFiles.HPA-192-benchmark/orgasm/splash cymbal.ogg	24332	d075fd48eae9c4b7c55caa2f3bec55787c11aa9e96b528e42aeb31bcf5b7d63c
DTXFiles.HPA-192-benchmark/shirahae/SET.def	314	6e1a1c5e69fdca46837abd120593e760f79f588c72f207a13d21bccaf0377b03
DTXFiles.HPA-192-benchmark/shirahae/adv.dtx	8954	ca260a6e92ee55d4ccef284fb1c6f2d170b0cc45e00b7b9ca2871ea4103b97b8
DTXFiles.HPA-192-benchmark/shirahae/bas.dtx	6600	38c7ea6421d39d523fe4f3cf1ee9f2647088acc96b759ac47c7d377c5d83ea6d
DTXFiles.HPA-192-benchmark/shirahae/bass.xa	4282	6094131778c16c0e2fad78fb6740b1b195a6c805703226e1dc78f4b6c22dbe31
DTXFiles.HPA-192-benchmark/shirahae/bgm.ogg	1176238	bcb7a428551facf292dee6e569f26de47bac22602d62befec5b454edf65bd257
DTXFiles.HPA-192-benchmark/shirahae/crash cymbal 2.xa	16282	fe7707cd73a66a0f845db9e816f780c0d0bdf91a7b20e630c5775df960f1a6b2
DTXFiles.HPA-192-benchmark/shirahae/crash cymbal.xa	16157	d387e094cc96764753965df226612f5b02569371ada5f987d10786bece160fb1
DTXFiles.HPA-192-benchmark/shirahae/ext.dtx	9562	0d2153478c890fd3f86e752fe1a5eadb0910c312378319540cf605b87b53a333
DTXFiles.HPA-192-benchmark/shirahae/floortom.xa	5582	47f8adadac85ad6e91c071d212471239aa90956a6922a82fe813bfae13fa8197
DTXFiles.HPA-192-benchmark/shirahae/highhatfoot.ogg	23914	06861aa7095463fc83fc4bf9f8be58fcb731d75bd0a6da54da1ead582ca77eb4
DTXFiles.HPA-192-benchmark/shirahae/highhatopen.ogg	15013	46fcb8f1e3f4cb2f3aa04963dfb43778bcdacb4369f2e92d1d2fd4ca21112fdc
DTXFiles.HPA-192-benchmark/shirahae/hightom.xa	2057	08c693157c5b047754be41d27a14bded5dcc5ccb10993c8eb681cdf44dabbd74
DTXFiles.HPA-192-benchmark/shirahae/hihatclose.xa	3082	b66614d0173464d20b20396a17fbe5a41781380d295db620c101c29d4dc88042
DTXFiles.HPA-192-benchmark/shirahae/lowtom.XA	3307	b9c67b49a6159df1821dbf07349e7c0a32b1c2cfba490afc65474c6655d52c34
DTXFiles.HPA-192-benchmark/shirahae/midtom.xa	2607	5592a737974e49553072e5822a525d536100aa62a18513f350fee4c48960817c
DTXFiles.HPA-192-benchmark/shirahae/preview.jpg	222978	a9ee2249e1cbc1c23f87b6ffba18b6308bbcfc5dfe41ee26cb5a282931a53904
DTXFiles.HPA-192-benchmark/shirahae/preview.mp3	291952	271259700ad44d1f0f200dc09def4bfd373c2b0844c74076f9c51cabd31aba7c
DTXFiles.HPA-192-benchmark/shirahae/ride.xa	147032	28670318cbfc3c938bd425f410c3c5c2f3f3da2bdb8f47e0b70bd49ccecd0dc1
DTXFiles.HPA-192-benchmark/shirahae/snare.ogg	20171	bea218b8c590cb67be7f925a663b781d03aa55e761f02587f462c7e962f7e27b
DTXFiles.HPA-192-benchmark/yawaraka shensha/SET.def	252	f81c727f8f873e800e35e8f136d61e43e159a8aab6a6f8da2b3d0df6571596e4
DTXFiles.HPA-192-benchmark/yawaraka shensha/adv.dtx	5885	8369bcd0ffeab9f3f769170d79d9c74056bbff6429d3cb33cb5979c505a0687c
DTXFiles.HPA-192-benchmark/yawaraka shensha/bas.dtx	4354	8bd58c28a18db9212c506dfd6eff0450aba1e9a79b57cb71b63bcc69763dc9ed
DTXFiles.HPA-192-benchmark/yawaraka shensha/bass.ogg	12598	170d18df72317b4f3db068038e7c65458ef8bd03d938904dc0270650ac8a50cd
DTXFiles.HPA-192-benchmark/yawaraka shensha/bgm.ogg	1357119	771e23da2d4bad5263a5f6381ce0cfa479c6dba5bcab772c7ee4065014c1282a
DTXFiles.HPA-192-benchmark/yawaraka shensha/china.ogg	26060	bfc683ace1684b4e04ea6f7240ffb1aeea971caa2265a7bf85b7bd9fb325234c
DTXFiles.HPA-192-benchmark/yawaraka shensha/crash cymbal.ogg	82103	4ad414e850c8b1fb563c71694b9acb618f898f9c468336c578be9667e2548b3d
DTXFiles.HPA-192-benchmark/yawaraka shensha/crash_mute.ogg	22284	935ba7604a3171a4c5e3fb264b9b7d4063873019c1a8f77c0355f501d3421e56
DTXFiles.HPA-192-benchmark/yawaraka shensha/ext.dtx	7341	2b342ab78545bc6ca54f3a553d903436b76ae10583a53fc7bb515a0e7b18dd8e
DTXFiles.HPA-192-benchmark/yawaraka shensha/floortom.ogg	23589	550b558a91e0db56a53b4a0140336e7ee897afde6da29d3d4085aa8370a40f4d
DTXFiles.HPA-192-benchmark/yawaraka shensha/hightom.ogg	22031	36775b59023b866001557511234ab5559b1db13481036db652a40fb4d7513d8f
DTXFiles.HPA-192-benchmark/yawaraka shensha/medium_crash.ogg	77140	46dcf35c919ca08ea528a5da6bb8904f92d4f187781f2ee2fad431ff76234888
DTXFiles.HPA-192-benchmark/yawaraka shensha/midtom.ogg	20739	3f7b88093012ee66da7c13758a91909575fe17209043995773f0f82a26659944
DTXFiles.HPA-192-benchmark/yawaraka shensha/preview.jpg	32855	b77d9db172d6090bc754b3299f0b868d386c79a740a8e7a3ffc8b9f5c4a0a952
DTXFiles.HPA-192-benchmark/yawaraka shensha/preview.mp3	267389	93e952098e291389b50ca127883de9386dff4338558008da9e965e4b97c87575
DTXFiles.HPA-192-benchmark/yawaraka shensha/rimshot.ogg	18551	5bb65d53454e0e6ec34414f07878c7d2488f9666359c8214b1cc51cc7dc1fb1f
DTXFiles.HPA-192-benchmark/yawaraka shensha/snare.ogg	20171	bea218b8c590cb67be7f925a663b781d03aa55e761f02587f462c7e962f7e27b
DTXFiles.HPA-192-benchmark/yawaraka shensha/splash cymbal.ogg	24332	d075fd48eae9c4b7c55caa2f3bec55787c11aa9e96b528e42aeb31bcf5b7d63c
DTXFiles.HPA-192-benchmark/yawaraka shensha/very hi tom.ogg	21863	874ed476cf12d52af6bce74e7ff1bddd273b98d6e0725bdce7a87d917f40b500
DTXFiles.HPA-192-benchmark/yawaraka shensha/very low tom.ogg	31126	a325c3fbaf812fa097143c8396d28f802edae3d71bfd464342b4f53501eccc33
DTXFiles.test/My Hope Is Gone/SET.def	408	d8f48c258c16f5b06ba0ee24f171c05ee6f167341f67d8d7a666fe5259c6d580
DTXFiles.test/My Hope Is Gone/adv.dtx	7986	8ab07c3d7b85af90351d9f43bd25cbf47b7490b1fb3499acd47baf51c940c097
DTXFiles.test/My Hope Is Gone/bas.dtx	6356	1018dd2d15da62a0d3c206b203b6012b9f7561d2d3ec253b0d93ea09ca34abf2
DTXFiles.test/My Hope Is Gone/bass.xa	4282	6094131778c16c0e2fad78fb6740b1b195a6c805703226e1dc78f4b6c22dbe31
DTXFiles.test/My Hope Is Gone/bgm.ogg	6828900	c17b12cbc39191efd8a1294a7a4ce43a2c8828e688db82275204f2e74bbc608f
DTXFiles.test/My Hope Is Gone/bgm_short.ogg	2542118	73a2e3938c1afdf04a85b39ea286d81ae8fa4a8c7dbc379d17dfed65b91ea50a
DTXFiles.test/My Hope Is Gone/china.ogg	26060	bfc683ace1684b4e04ea6f7240ffb1aeea971caa2265a7bf85b7bd9fb325234c
DTXFiles.test/My Hope Is Gone/crash cymbal 2.ogg	77140	46dcf35c919ca08ea528a5da6bb8904f92d4f187781f2ee2fad431ff76234888
DTXFiles.test/My Hope Is Gone/crash cymbal.ogg	82103	4ad414e850c8b1fb563c71694b9acb618f898f9c468336c578be9667e2548b3d
DTXFiles.test/My Hope Is Gone/crash_mute.ogg	22284	935ba7604a3171a4c5e3fb264b9b7d4063873019c1a8f77c0355f501d3421e56
DTXFiles.test/My Hope Is Gone/ext.dtx	10394	69dae090182622b4b4e20a617fa9d520b175f22ec76ad9e32c1ac193fe042d0b
DTXFiles.test/My Hope Is Gone/floortom.xa	5582	47f8adadac85ad6e91c071d212471239aa90956a6922a82fe813bfae13fa8197
DTXFiles.test/My Hope Is Gone/full.dtx	39763	a73035545b3f6715b61d9d649b84c7af1f07f5c02093fb53deb5c69e85cdc45a
DTXFiles.test/My Hope Is Gone/highhatfoot.ogg	23914	06861aa7095463fc83fc4bf9f8be58fcb731d75bd0a6da54da1ead582ca77eb4
DTXFiles.test/My Hope Is Gone/highhatopen.ogg	15013	46fcb8f1e3f4cb2f3aa04963dfb43778bcdacb4369f2e92d1d2fd4ca21112fdc
DTXFiles.test/My Hope Is Gone/hightom.xa	2057	08c693157c5b047754be41d27a14bded5dcc5ccb10993c8eb681cdf44dabbd74
DTXFiles.test/My Hope Is Gone/lowtom.XA	3307	b9c67b49a6159df1821dbf07349e7c0a32b1c2cfba490afc65474c6655d52c34
DTXFiles.test/My Hope Is Gone/mas.dtx	10532	8fea9cdb55aab904d63181ba0606848ce0bf38bc131b0796150e9933e004b1d5
DTXFiles.test/My Hope Is Gone/midtom.xa	2607	5592a737974e49553072e5822a525d536100aa62a18513f350fee4c48960817c
DTXFiles.test/My Hope Is Gone/preview.jpg	109800	02fabb3c84cbbb01e6698ba4fd76989e0cf463c104aeeb65fa3253bb7d11242f
DTXFiles.test/My Hope Is Gone/preview.mp3	310957	c8db7fc311c08c7cdea157a4674271d5035f5a0810f9d9ac9bac137158b791a6
DTXFiles.test/My Hope Is Gone/ride.ogg	25031	ff33c3c3d7b670892973847f1536621ee8e9fc0e9a6e9fd9c5979b92433a70cd
DTXFiles.test/My Hope Is Gone/snare.ogg	20171	bea218b8c590cb67be7f925a663b781d03aa55e761f02587f462c7e962f7e27b
DTXFiles.test/My Hope Is Gone/splash cymbal.ogg	24332	d075fd48eae9c4b7c55caa2f3bec55787c11aa9e96b528e42aeb31bcf5b7d63c
DTXFiles.test/NPC feat.ねんね/SET.def	336	417212c299e62368c94b1bcf3ae24926c3e6e673a3983fced2437159fede9595
DTXFiles.test/NPC feat.ねんね/adv.dtx	12150	b224ada23f7771bd7fa81fcf95e53c0a0050f5243767337f3a217906cdbb0ae3
DTXFiles.test/NPC feat.ねんね/bas.dtx	9950	5727b77dc23239fbfe7ca6e628871f20635ec6a3663eefaba87db08358ec5566
DTXFiles.test/NPC feat.ねんね/bass.xa	4282	6094131778c16c0e2fad78fb6740b1b195a6c805703226e1dc78f4b6c22dbe31
DTXFiles.test/NPC feat.ねんね/bg.avi	69442580	2589793445cec7e59168cfe7011ed1b129ae26e921ba9b94e84dbe50b8ac37f7
DTXFiles.test/NPC feat.ねんね/bgm.ogg	4511662	b2be7204731bb2ca54abcaeb96e993ac0ccf733147e1330dd9a1adeb741723e8
DTXFiles.test/NPC feat.ねんね/china.ogg	26060	bfc683ace1684b4e04ea6f7240ffb1aeea971caa2265a7bf85b7bd9fb325234c
DTXFiles.test/NPC feat.ねんね/crash cymbal 2.ogg	77140	46dcf35c919ca08ea528a5da6bb8904f92d4f187781f2ee2fad431ff76234888
DTXFiles.test/NPC feat.ねんね/crash cymbal.ogg	82103	4ad414e850c8b1fb563c71694b9acb618f898f9c468336c578be9667e2548b3d
DTXFiles.test/NPC feat.ねんね/crash_mute.ogg	22284	935ba7604a3171a4c5e3fb264b9b7d4063873019c1a8f77c0355f501d3421e56
DTXFiles.test/NPC feat.ねんね/ext.dtx	14960	19ff6ec0c604dbb9fd77e2a4f1e55f314a7ad291c921555e4da9a695d753661b
DTXFiles.test/NPC feat.ねんね/floortom.xa	5582	47f8adadac85ad6e91c071d212471239aa90956a6922a82fe813bfae13fa8197
DTXFiles.test/NPC feat.ねんね/highhatfoot.ogg	23914	06861aa7095463fc83fc4bf9f8be58fcb731d75bd0a6da54da1ead582ca77eb4
DTXFiles.test/NPC feat.ねんね/highhatopen.ogg	15013	46fcb8f1e3f4cb2f3aa04963dfb43778bcdacb4369f2e92d1d2fd4ca21112fdc
DTXFiles.test/NPC feat.ねんね/hightom.xa	2057	08c693157c5b047754be41d27a14bded5dcc5ccb10993c8eb681cdf44dabbd74
DTXFiles.test/NPC feat.ねんね/hihatclose.xa	3082	b66614d0173464d20b20396a17fbe5a41781380d295db620c101c29d4dc88042
DTXFiles.test/NPC feat.ねんね/lowtom.XA	3307	b9c67b49a6159df1821dbf07349e7c0a32b1c2cfba490afc65474c6655d52c34
DTXFiles.test/NPC feat.ねんね/mas.dtx	17370	78ba3c08c5ef317842b501b1ab2245f747dc582a08a5144b12ec345e815e2984
DTXFiles.test/NPC feat.ねんね/midtom.xa	2607	5592a737974e49553072e5822a525d536100aa62a18513f350fee4c48960817c
DTXFiles.test/NPC feat.ねんね/preview.jpg	12258	832e29865bf1a5fb52fa1daae73a76cb914a1aeacf46f860ffedbbb26fc680a0
DTXFiles.test/NPC feat.ねんね/preview.mp3	288493	2c38cd8aa9f8ce9c20723315f7c8d5852c747dae38ecb3347705483d4524628c
DTXFiles.test/NPC feat.ねんね/ride.ogg	25031	ff33c3c3d7b670892973847f1536621ee8e9fc0e9a6e9fd9c5979b92433a70cd
DTXFiles.test/NPC feat.ねんね/snare.ogg	20171	bea218b8c590cb67be7f925a663b781d03aa55e761f02587f462c7e962f7e27b
DTXFiles.test/NPC feat.ねんね/splash cymbal.ogg	24332	d075fd48eae9c4b7c55caa2f3bec55787c11aa9e96b528e42aeb31bcf5b7d63c
DTXFiles.test/NPC/SET.def	336	417212c299e62368c94b1bcf3ae24926c3e6e673a3983fced2437159fede9595
DTXFiles.test/NPC/adv.dtx	12150	b224ada23f7771bd7fa81fcf95e53c0a0050f5243767337f3a217906cdbb0ae3
DTXFiles.test/NPC/bas.dtx	9950	5727b77dc23239fbfe7ca6e628871f20635ec6a3663eefaba87db08358ec5566
DTXFiles.test/NPC/bass.xa	4282	6094131778c16c0e2fad78fb6740b1b195a6c805703226e1dc78f4b6c22dbe31
DTXFiles.test/NPC/bg.avi	69442580	2589793445cec7e59168cfe7011ed1b129ae26e921ba9b94e84dbe50b8ac37f7
DTXFiles.test/NPC/bgm.ogg	4511662	b2be7204731bb2ca54abcaeb96e993ac0ccf733147e1330dd9a1adeb741723e8
DTXFiles.test/NPC/china.ogg	26060	bfc683ace1684b4e04ea6f7240ffb1aeea971caa2265a7bf85b7bd9fb325234c
DTXFiles.test/NPC/crash cymbal 2.ogg	77140	46dcf35c919ca08ea528a5da6bb8904f92d4f187781f2ee2fad431ff76234888
DTXFiles.test/NPC/crash cymbal.ogg	82103	4ad414e850c8b1fb563c71694b9acb618f898f9c468336c578be9667e2548b3d
DTXFiles.test/NPC/crash_mute.ogg	22284	935ba7604a3171a4c5e3fb264b9b7d4063873019c1a8f77c0355f501d3421e56
DTXFiles.test/NPC/ext.dtx	14960	19ff6ec0c604dbb9fd77e2a4f1e55f314a7ad291c921555e4da9a695d753661b
DTXFiles.test/NPC/floortom.xa	5582	47f8adadac85ad6e91c071d212471239aa90956a6922a82fe813bfae13fa8197
DTXFiles.test/NPC/highhatfoot.ogg	23914	06861aa7095463fc83fc4bf9f8be58fcb731d75bd0a6da54da1ead582ca77eb4
DTXFiles.test/NPC/highhatopen.ogg	15013	46fcb8f1e3f4cb2f3aa04963dfb43778bcdacb4369f2e92d1d2fd4ca21112fdc
DTXFiles.test/NPC/hightom.xa	2057	08c693157c5b047754be41d27a14bded5dcc5ccb10993c8eb681cdf44dabbd74
DTXFiles.test/NPC/hihatclose.xa	3082	b66614d0173464d20b20396a17fbe5a41781380d295db620c101c29d4dc88042
DTXFiles.test/NPC/lowtom.XA	3307	b9c67b49a6159df1821dbf07349e7c0a32b1c2cfba490afc65474c6655d52c34
DTXFiles.test/NPC/mas.dtx	17370	78ba3c08c5ef317842b501b1ab2245f747dc582a08a5144b12ec345e815e2984
DTXFiles.test/NPC/midtom.xa	2607	5592a737974e49553072e5822a525d536100aa62a18513f350fee4c48960817c
DTXFiles.test/NPC/preview.jpg	12258	832e29865bf1a5fb52fa1daae73a76cb914a1aeacf46f860ffedbbb26fc680a0
DTXFiles.test/NPC/preview.mp3	288493	2c38cd8aa9f8ce9c20723315f7c8d5852c747dae38ecb3347705483d4524628c
DTXFiles.test/NPC/ride.ogg	25031	ff33c3c3d7b670892973847f1536621ee8e9fc0e9a6e9fd9c5979b92433a70cd
DTXFiles.test/NPC/snare.ogg	20171	bea218b8c590cb67be7f925a663b781d03aa55e761f02587f462c7e962f7e27b
DTXFiles.test/NPC/splash cymbal.ogg	24332	d075fd48eae9c4b7c55caa2f3bec55787c11aa9e96b528e42aeb31bcf5b7d63c
DTXFiles.test/Praeparatus Supervivet/SET.def	422	72d0897646d4a21d53eecc58f9e7cae856d161f6d86c60b6ce21232e604d8322
DTXFiles.test/Praeparatus Supervivet/adv.dtx	7743	14573665824705392f5ea83ea419c60a513d7e80487799b03fa45b5af5c4342e
DTXFiles.test/Praeparatus Supervivet/bas.dtx	6345	d2038b19025971511b4e7452e14a45e68a2be5a9fb84f38935023c61ac3af579
DTXFiles.test/Praeparatus Supervivet/bass.xa	4282	6094131778c16c0e2fad78fb6740b1b195a6c805703226e1dc78f4b6c22dbe31
DTXFiles.test/Praeparatus Supervivet/bg.avi	75026060	bdd28350d3fe66dc0967e5844c93b8a6d359712cfe6f44b0ac545388e866b50a
DTXFiles.test/Praeparatus Supervivet/bgm.ogg	4803392	d4cddf8d3b1aefc5b84513326df13d9dd99cfb5480da66eab68a59b4ce07bb48
DTXFiles.test/Praeparatus Supervivet/bgm_short.ogg	2021523	c3a549ede064996f8b8c9f6d70a960340e7612663ceda7c25b8484409118fe41
DTXFiles.test/Praeparatus Supervivet/china.ogg	26060	bfc683ace1684b4e04ea6f7240ffb1aeea971caa2265a7bf85b7bd9fb325234c
DTXFiles.test/Praeparatus Supervivet/crash cymbal 2.ogg	77140	46dcf35c919ca08ea528a5da6bb8904f92d4f187781f2ee2fad431ff76234888
DTXFiles.test/Praeparatus Supervivet/crash cymbal.ogg	82103	4ad414e850c8b1fb563c71694b9acb618f898f9c468336c578be9667e2548b3d
DTXFiles.test/Praeparatus Supervivet/crash_mute.ogg	22284	935ba7604a3171a4c5e3fb264b9b7d4063873019c1a8f77c0355f501d3421e56
DTXFiles.test/Praeparatus Supervivet/ext.dtx	10287	bc282602f7085c803394075564e1aad96c88abc737edde763818117bdd9abc4a
DTXFiles.test/Praeparatus Supervivet/floortom.xa	5582	47f8adadac85ad6e91c071d212471239aa90956a6922a82fe813bfae13fa8197
DTXFiles.test/Praeparatus Supervivet/full.dtx	23905	9f216eeb10042e73324bd32db0a80737ebf360adbc75acb87f0260f66ed4cd69
DTXFiles.test/Praeparatus Supervivet/highhatfoot.ogg	23914	06861aa7095463fc83fc4bf9f8be58fcb731d75bd0a6da54da1ead582ca77eb4
DTXFiles.test/Praeparatus Supervivet/highhatopen.ogg	15013	46fcb8f1e3f4cb2f3aa04963dfb43778bcdacb4369f2e92d1d2fd4ca21112fdc
DTXFiles.test/Praeparatus Supervivet/hightom.xa	2057	08c693157c5b047754be41d27a14bded5dcc5ccb10993c8eb681cdf44dabbd74
DTXFiles.test/Praeparatus Supervivet/lowtom.XA	3307	b9c67b49a6159df1821dbf07349e7c0a32b1c2cfba490afc65474c6655d52c34
DTXFiles.test/Praeparatus Supervivet/mas.dtx	10627	43117f5b5786b8d8e90caa5492610cf2c779ec1a8a333b6fcb6bd2e39b60bb9a
DTXFiles.test/Praeparatus Supervivet/midtom.xa	2607	5592a737974e49553072e5822a525d536100aa62a18513f350fee4c48960817c
DTXFiles.test/Praeparatus Supervivet/preview.jpg	92521	9537854d7ed39f577932c6aee78c237de9b45a065bc0bcdf5eb2e6e71c6f7146
DTXFiles.test/Praeparatus Supervivet/preview.mp3	281032	e751642ca41ca3d23f1153678ffd1db02ec1eb384e3dcaa423fc0b4baafeeb48
DTXFiles.test/Praeparatus Supervivet/ride.ogg	25031	ff33c3c3d7b670892973847f1536621ee8e9fc0e9a6e9fd9c5979b92433a70cd
DTXFiles.test/Praeparatus Supervivet/snare.ogg	20171	bea218b8c590cb67be7f925a663b781d03aa55e761f02587f462c7e962f7e27b
DTXFiles.test/Praeparatus Supervivet/splash cymbal.ogg	24332	d075fd48eae9c4b7c55caa2f3bec55787c11aa9e96b528e42aeb31bcf5b7d63c
DTXFiles.test/Road of Resistance (Full Version)/SET.def	444	43ba936035d9ba211acac3ef2d58bc97e5d93ef627341f6774cd29161229ec63
DTXFiles.test/Road of Resistance (Full Version)/bass.xa	4282	6094131778c16c0e2fad78fb6740b1b195a6c805703226e1dc78f4b6c22dbe31
DTXFiles.test/Road of Resistance (Full Version)/bgm.ogg	5158294	7a6d2dcec2a91ded58c4db9aea4b5ed72b6aebac296272b7a62a3979e849b7a2
DTXFiles.test/Road of Resistance (Full Version)/china.ogg	26060	bfc683ace1684b4e04ea6f7240ffb1aeea971caa2265a7bf85b7bd9fb325234c
DTXFiles.test/Road of Resistance (Full Version)/crash cymbal 2.ogg	77140	46dcf35c919ca08ea528a5da6bb8904f92d4f187781f2ee2fad431ff76234888
DTXFiles.test/Road of Resistance (Full Version)/crash cymbal.ogg	82103	4ad414e850c8b1fb563c71694b9acb618f898f9c468336c578be9667e2548b3d
DTXFiles.test/Road of Resistance (Full Version)/crash_mute.ogg	22284	935ba7604a3171a4c5e3fb264b9b7d4063873019c1a8f77c0355f501d3421e56
DTXFiles.test/Road of Resistance (Full Version)/floortom.xa	5582	47f8adadac85ad6e91c071d212471239aa90956a6922a82fe813bfae13fa8197
DTXFiles.test/Road of Resistance (Full Version)/highhatfoot.ogg	23914	06861aa7095463fc83fc4bf9f8be58fcb731d75bd0a6da54da1ead582ca77eb4
DTXFiles.test/Road of Resistance (Full Version)/highhatopen.ogg	15013	46fcb8f1e3f4cb2f3aa04963dfb43778bcdacb4369f2e92d1d2fd4ca21112fdc
DTXFiles.test/Road of Resistance (Full Version)/hightom.xa	2057	08c693157c5b047754be41d27a14bded5dcc5ccb10993c8eb681cdf44dabbd74
DTXFiles.test/Road of Resistance (Full Version)/lowtom.XA	3307	b9c67b49a6159df1821dbf07349e7c0a32b1c2cfba490afc65474c6655d52c34
DTXFiles.test/Road of Resistance (Full Version)/mas.dtx	32039	6ee88b28320d44a1adb4d592d7db547d1b734bfbc62f4102cb8eb4d3c6cfbc2a
DTXFiles.test/Road of Resistance (Full Version)/midtom.xa	2607	5592a737974e49553072e5822a525d536100aa62a18513f350fee4c48960817c
DTXFiles.test/Road of Resistance (Full Version)/preview.jpg	25839	124d987ab74e554d6e852b98e2a99629e3c186bbe71fb1bdd5755592d61a8b81
DTXFiles.test/Road of Resistance (Full Version)/preview.mp3	295295	c2d359e4b0c770f54cddf12d7f0d0d54590e6b2edd88796f3671f25d2e619b33
DTXFiles.test/Road of Resistance (Full Version)/ride.ogg	25031	ff33c3c3d7b670892973847f1536621ee8e9fc0e9a6e9fd9c5979b92433a70cd
DTXFiles.test/Road of Resistance (Full Version)/snare.ogg	20171	bea218b8c590cb67be7f925a663b781d03aa55e761f02587f462c7e962f7e27b
DTXFiles.test/Road of Resistance (Full Version)/splash cymbal.ogg	24332	d075fd48eae9c4b7c55caa2f3bec55787c11aa9e96b528e42aeb31bcf5b7d63c
DTXFiles.test/Tears Don't Fall/SET.def	410	9ed53abc656d5f1193697d87a85e0b20d0c92a82c69be485484933fc62a0b437
DTXFiles.test/Tears Don't Fall/adv.dtx	5733	e60df3483fd46da4d222c58b92a6071e87dd9b77fbd649f38be64e440e67c433
DTXFiles.test/Tears Don't Fall/bas.dtx	5069	8c148477a98ffb3c81e383e7434b4c30a4ca883824ae87bcc4aedac780d0a41e
DTXFiles.test/Tears Don't Fall/bass.xa	4282	6094131778c16c0e2fad78fb6740b1b195a6c805703226e1dc78f4b6c22dbe31
DTXFiles.test/Tears Don't Fall/bg.avi	69054108	3bc7244e07acd2a6bbf2f1cedf289ad0469cc2b9ee3f09934d5852f71f567750
DTXFiles.test/Tears Don't Fall/bgm.ogg	4491476	ed8f314544ad1b445470623d1d24a8174f2e08e5b9fa98188b79abeb719e0f44
DTXFiles.test/Tears Don't Fall/bgm_short.ogg	2166224	0eda82b6065b76d0462ab112404827ba2af60cfda697d41c389d585eb30a2448
DTXFiles.test/Tears Don't Fall/china.ogg	26060	bfc683ace1684b4e04ea6f7240ffb1aeea971caa2265a7bf85b7bd9fb325234c
DTXFiles.test/Tears Don't Fall/crash cymbal 2.ogg	77140	46dcf35c919ca08ea528a5da6bb8904f92d4f187781f2ee2fad431ff76234888
DTXFiles.test/Tears Don't Fall/crash cymbal.ogg	82103	4ad414e850c8b1fb563c71694b9acb618f898f9c468336c578be9667e2548b3d
DTXFiles.test/Tears Don't Fall/crash_mute.ogg	22284	935ba7604a3171a4c5e3fb264b9b7d4063873019c1a8f77c0355f501d3421e56
DTXFiles.test/Tears Don't Fall/ext.dtx	7039	abd63c68057faf55182fd6d71014f757b7e4a4b6715d8f8ad886dc48a6d747b7
DTXFiles.test/Tears Don't Fall/floortom.xa	5582	47f8adadac85ad6e91c071d212471239aa90956a6922a82fe813bfae13fa8197
DTXFiles.test/Tears Don't Fall/full.dtx	17917	55b5d0ee75840c69fc4fdf7680d86d2ee93bc62c777446366e0ae3483e3e6ccb
DTXFiles.test/Tears Don't Fall/highhatfoot.ogg	23914	06861aa7095463fc83fc4bf9f8be58fcb731d75bd0a6da54da1ead582ca77eb4
DTXFiles.test/Tears Don't Fall/highhatopen.ogg	15013	46fcb8f1e3f4cb2f3aa04963dfb43778bcdacb4369f2e92d1d2fd4ca21112fdc
DTXFiles.test/Tears Don't Fall/hightom.xa	2057	08c693157c5b047754be41d27a14bded5dcc5ccb10993c8eb681cdf44dabbd74
DTXFiles.test/Tears Don't Fall/hihatclose.xa	3082	b66614d0173464d20b20396a17fbe5a41781380d295db620c101c29d4dc88042
DTXFiles.test/Tears Don't Fall/lowtom.XA	3307	b9c67b49a6159df1821dbf07349e7c0a32b1c2cfba490afc65474c6655d52c34
DTXFiles.test/Tears Don't Fall/mas.dtx	7531	30a67a8641ee23bde28816a8e3b654f2bbbec4c73f6e135455a713ad33de579f
DTXFiles.test/Tears Don't Fall/midtom.xa	2607	5592a737974e49553072e5822a525d536100aa62a18513f350fee4c48960817c
DTXFiles.test/Tears Don't Fall/preview.jpg	30941	b33b4db11856b4e1233423093af21844664f864aa9c95d159ca2a1c0b9e13e25
DTXFiles.test/Tears Don't Fall/preview.mp3	293611	c6bca7c49745b391e7c09e5e74440164ea675281960dd6c7d42da9f1ae17effb
DTXFiles.test/Tears Don't Fall/ride.ogg	25031	ff33c3c3d7b670892973847f1536621ee8e9fc0e9a6e9fd9c5979b92433a70cd
DTXFiles.test/Tears Don't Fall/snare.ogg	20171	bea218b8c590cb67be7f925a663b781d03aa55e761f02587f462c7e962f7e27b
DTXFiles.test/Tears Don't Fall/splash cymbal.ogg	24332	d075fd48eae9c4b7c55caa2f3bec55787c11aa9e96b528e42aeb31bcf5b7d63c
DTXFiles.test/The Last Journey Home/SET.def	420	4965bb8d2cea2bbb33c503ae8c4418d8692948f42f2f25293b2ae62dee36180f
DTXFiles.test/The Last Journey Home/adv.dtx	9861	d54e446e68836aae7f869dca28f9701c092d20e3e63fb6e04d76c9d3c2c09bc3
DTXFiles.test/The Last Journey Home/bas.dtx	7687	6c5ec87c59d311cbacb9ff9b6c18ffbcca588958cf1d5205c4973ca0db664938
DTXFiles.test/The Last Journey Home/bass.xa	4282	6094131778c16c0e2fad78fb6740b1b195a6c805703226e1dc78f4b6c22dbe31
DTXFiles.test/The Last Journey Home/bgm.ogg	9012903	a6f9d685150ff94deca174cf191a3d8fdc0c6f08f2d27222ceb8fa08451dc8d4
DTXFiles.test/The Last Journey Home/bgm_short.ogg	3457997	848c4bb790e571dfd28d3c2cfe8bb33f13f91171f7fe45feaa0756344fce33f7
DTXFiles.test/The Last Journey Home/china.ogg	26060	bfc683ace1684b4e04ea6f7240ffb1aeea971caa2265a7bf85b7bd9fb325234c
DTXFiles.test/The Last Journey Home/crash cymbal 2.ogg	77140	46dcf35c919ca08ea528a5da6bb8904f92d4f187781f2ee2fad431ff76234888
DTXFiles.test/The Last Journey Home/crash cymbal.ogg	82103	4ad414e850c8b1fb563c71694b9acb618f898f9c468336c578be9667e2548b3d
DTXFiles.test/The Last Journey Home/crash_mute.ogg	22284	935ba7604a3171a4c5e3fb264b9b7d4063873019c1a8f77c0355f501d3421e56
DTXFiles.test/The Last Journey Home/ext.dtx	11725	ea6957083412e71da477eb3cc4df9610d64ea25d78a0beeb34cb7645a955669d
DTXFiles.test/The Last Journey Home/floortom.xa	5582	47f8adadac85ad6e91c071d212471239aa90956a6922a82fe813bfae13fa8197
DTXFiles.test/The Last Journey Home/full.dtx	28525	293096763553c791c86bf85bc6418ebe99e6a16fc28af7971255d0708c8dbd95
DTXFiles.test/The Last Journey Home/highhatopen.ogg	15013	46fcb8f1e3f4cb2f3aa04963dfb43778bcdacb4369f2e92d1d2fd4ca21112fdc
DTXFiles.test/The Last Journey Home/hightom.xa	2057	08c693157c5b047754be41d27a14bded5dcc5ccb10993c8eb681cdf44dabbd74
DTXFiles.test/The Last Journey Home/lowtom.XA	3307	b9c67b49a6159df1821dbf07349e7c0a32b1c2cfba490afc65474c6655d52c34
DTXFiles.test/The Last Journey Home/midtom.xa	2607	5592a737974e49553072e5822a525d536100aa62a18513f350fee4c48960817c
DTXFiles.test/The Last Journey Home/preview.jpg	88056	3a270219ec3b831483ce3cff0b1b4c37a3aedbb51c103bc156e580957ced6ad9
DTXFiles.test/The Last Journey Home/preview.mp3	284325	2ff89c6081d484c22610494ec5513d357f085ad6fd2639eb0cdc7cbba246a96d
DTXFiles.test/The Last Journey Home/ride.ogg	25031	ff33c3c3d7b670892973847f1536621ee8e9fc0e9a6e9fd9c5979b92433a70cd
DTXFiles.test/The Last Journey Home/snare.ogg	20171	bea218b8c590cb67be7f925a663b781d03aa55e761f02587f462c7e962f7e27b
DTXFiles.test/The Last Journey Home/splash cymbal.ogg	24332	d075fd48eae9c4b7c55caa2f3bec55787c11aa9e96b528e42aeb31bcf5b7d63c
DTXFiles.test/reimei novels/SET.def	420	c3652af9e199ab92cc9e9faa5c61010941664e12a496bd88c35ccda9f3ea23a5
DTXFiles.test/reimei novels/adv.dtx	9375	b958d602604c4e5846ecb78791a5c6bcd85d8c45740e245513410c9786e1c7a7
DTXFiles.test/reimei novels/bas.dtx	7305	37f73bd86fe666cfd02ce7eb4c9045ba52e37412548066a86407c96888b0e627
DTXFiles.test/reimei novels/bass.xa	4282	6094131778c16c0e2fad78fb6740b1b195a6c805703226e1dc78f4b6c22dbe31
DTXFiles.test/reimei novels/bgm.ogg	4192193	b21719bf866cf6e8ac5db7f02b7d390ae3510bb104146742aa8bfccf1e6ae6a0
DTXFiles.test/reimei novels/china.ogg	26060	bfc683ace1684b4e04ea6f7240ffb1aeea971caa2265a7bf85b7bd9fb325234c
DTXFiles.test/reimei novels/crash cymbal 2.ogg	77140	46dcf35c919ca08ea528a5da6bb8904f92d4f187781f2ee2fad431ff76234888
DTXFiles.test/reimei novels/crash cymbal.ogg	82103	4ad414e850c8b1fb563c71694b9acb618f898f9c468336c578be9667e2548b3d
DTXFiles.test/reimei novels/crash_mute.ogg	22284	935ba7604a3171a4c5e3fb264b9b7d4063873019c1a8f77c0355f501d3421e56
DTXFiles.test/reimei novels/ext.dtx	11861	15d8010f6fa1c44c520dccf339a1dc9c6905c3bd51c762412214d8ea1662dda0
DTXFiles.test/reimei novels/floortom.xa	5582	47f8adadac85ad6e91c071d212471239aa90956a6922a82fe813bfae13fa8197
DTXFiles.test/reimei novels/highhatfoot.ogg	23914	06861aa7095463fc83fc4bf9f8be58fcb731d75bd0a6da54da1ead582ca77eb4
DTXFiles.test/reimei novels/highhatopen.ogg	15013	46fcb8f1e3f4cb2f3aa04963dfb43778bcdacb4369f2e92d1d2fd4ca21112fdc
DTXFiles.test/reimei novels/hightom.xa	2057	08c693157c5b047754be41d27a14bded5dcc5ccb10993c8eb681cdf44dabbd74
DTXFiles.test/reimei novels/hihatclose.xa	3082	b66614d0173464d20b20396a17fbe5a41781380d295db620c101c29d4dc88042
DTXFiles.test/reimei novels/lowtom.XA	3307	b9c67b49a6159df1821dbf07349e7c0a32b1c2cfba490afc65474c6655d52c34
DTXFiles.test/reimei novels/mas.dtx	13975	db9d1cdaf27e87eb994807019f426f640c530aef9347a0cf54f09279db4e0cb0
DTXFiles.test/reimei novels/midtom.xa	2607	5592a737974e49553072e5822a525d536100aa62a18513f350fee4c48960817c
DTXFiles.test/reimei novels/preview.jpg	56974	53b4951e4ec8ecdf4d6996a0d17c72fefb4f7ed5679064aa8e29fbb0329e744a
DTXFiles.test/reimei novels/preview.mp3	293410	a848d39654ae55db19ad4ae2459c8752c7c378736de8ddf1a39b609b9751e362
DTXFiles.test/reimei novels/ride.ogg	25031	ff33c3c3d7b670892973847f1536621ee8e9fc0e9a6e9fd9c5979b92433a70cd
DTXFiles.test/reimei novels/rimshot.ogg	18551	5bb65d53454e0e6ec34414f07878c7d2488f9666359c8214b1cc51cc7dc1fb1f
DTXFiles.test/reimei novels/snare.ogg	20171	bea218b8c590cb67be7f925a663b781d03aa55e761f02587f462c7e962f7e27b
DTXFiles.test/reimei novels/splash cymbal.ogg	24332	d075fd48eae9c4b7c55caa2f3bec55787c11aa9e96b528e42aeb31bcf5b7d63c
Kyuuka ressha no madobe de/SET.def	354	56915e9b66d26ab8d25c0d6758bbb4dcf2b45c7307cee5c8800a51bdec2f2fc3
Kyuuka ressha no madobe de/adv.dtx	11646	f8d19ddfa58b6e0fd0d4ca85c808ddb5af3f8f1e58ed298bf23b62110bf5f44e
Kyuuka ressha no madobe de/bas.dtx	9552	f5456e873f30d421cc067c6732541df2f8a056e1d812396c1e354ad28b31caf1
Kyuuka ressha no madobe de/bass.xa	4282	6094131778c16c0e2fad78fb6740b1b195a6c805703226e1dc78f4b6c22dbe31
Kyuuka ressha no madobe de/bgm.ogg	4693114	f7d8fb175e549e21266f35c6f32636fb063eb4665b4776eff93961f9a14f6da2
Kyuuka ressha no madobe de/china.ogg	26060	bfc683ace1684b4e04ea6f7240ffb1aeea971caa2265a7bf85b7bd9fb325234c
Kyuuka ressha no madobe de/crash cymbal 2.ogg	77140	46dcf35c919ca08ea528a5da6bb8904f92d4f187781f2ee2fad431ff76234888
Kyuuka ressha no madobe de/crash cymbal.ogg	82103	4ad414e850c8b1fb563c71694b9acb618f898f9c468336c578be9667e2548b3d
Kyuuka ressha no madobe de/crash_mute.ogg	22284	935ba7604a3171a4c5e3fb264b9b7d4063873019c1a8f77c0355f501d3421e56
Kyuuka ressha no madobe de/ext.dtx	13254	0e2c99b74f533a5fdceb9f5db9e896f2d1daa5871908bf29b8ff7ac488b7afff
Kyuuka ressha no madobe de/floortom.xa	5582	47f8adadac85ad6e91c071d212471239aa90956a6922a82fe813bfae13fa8197
Kyuuka ressha no madobe de/highhatfoot.ogg	23914	06861aa7095463fc83fc4bf9f8be58fcb731d75bd0a6da54da1ead582ca77eb4
Kyuuka ressha no madobe de/highhatopen.ogg	15013	46fcb8f1e3f4cb2f3aa04963dfb43778bcdacb4369f2e92d1d2fd4ca21112fdc
Kyuuka ressha no madobe de/hightom.xa	2057	08c693157c5b047754be41d27a14bded5dcc5ccb10993c8eb681cdf44dabbd74
Kyuuka ressha no madobe de/hihatclose.xa	3082	b66614d0173464d20b20396a17fbe5a41781380d295db620c101c29d4dc88042
Kyuuka ressha no madobe de/lowtom.XA	3307	b9c67b49a6159df1821dbf07349e7c0a32b1c2cfba490afc65474c6655d52c34
Kyuuka ressha no madobe de/mas.dtx	15536	e29cd781aa6ff81a60292f2d61bdd0f333a5c1286542c90128068c82c00e9d89
Kyuuka ressha no madobe de/midtom.xa	2607	5592a737974e49553072e5822a525d536100aa62a18513f350fee4c48960817c
Kyuuka ressha no madobe de/preview.jpg	449863	487ac552ba5544dad8dd84d4aa1ab7560b4dcbfbefdfcae34f1706e64b4484f6
Kyuuka ressha no madobe de/preview.mp3	303504	2de1d5b45f13ffd3df3785e1cd17e5c3c5f11ad239c49335a3133324ae390fc3
Kyuuka ressha no madobe de/ride.ogg	25031	ff33c3c3d7b670892973847f1536621ee8e9fc0e9a6e9fd9c5979b92433a70cd
Kyuuka ressha no madobe de/rimshot.ogg	18551	5bb65d53454e0e6ec34414f07878c7d2488f9666359c8214b1cc51cc7dc1fb1f
Kyuuka ressha no madobe de/snare.ogg	20171	bea218b8c590cb67be7f925a663b781d03aa55e761f02587f462c7e962f7e27b
Kyuuka ressha no madobe de/splash cymbal.ogg	24332	d075fd48eae9c4b7c55caa2f3bec55787c11aa9e96b528e42aeb31bcf5b7d63c
Soukyuu e no shouka/SET.def	360	0bafd4050076b24e00b087f8095d4be765fae5488d5bd4f3972826cd81c1bc88
Soukyuu e no shouka/adv.dtx	13504	b47a4dc81ac18b472110d02ae04dd5979f2b1ca1584539534d6e9cfa71c4f7bb
Soukyuu e no shouka/bas.dtx	9072	b8b052140012907afdc8a0aa85a49c0891b36aef035a6fee9ae08aa7b5f80590
Soukyuu e no shouka/bass.xa	4282	6094131778c16c0e2fad78fb6740b1b195a6c805703226e1dc78f4b6c22dbe31
Soukyuu e no shouka/bgm.ogg	5028494	778396c8d37c4e88e61c647b4f9489632743e6467df2d2013bb2a70e388a753b
Soukyuu e no shouka/china.ogg	26060	bfc683ace1684b4e04ea6f7240ffb1aeea971caa2265a7bf85b7bd9fb325234c
Soukyuu e no shouka/crash cymbal 2.ogg	77140	46dcf35c919ca08ea528a5da6bb8904f92d4f187781f2ee2fad431ff76234888
Soukyuu e no shouka/crash cymbal.ogg	82103	4ad414e850c8b1fb563c71694b9acb618f898f9c468336c578be9667e2548b3d
Soukyuu e no shouka/crash_mute.ogg	22284	935ba7604a3171a4c5e3fb264b9b7d4063873019c1a8f77c0355f501d3421e56
Soukyuu e no shouka/ext.dtx	18606	4bfbaeb573ed021946a6f125d7cf883b98bf02b30c81e6e576e5c76a534f6a2e
Soukyuu e no shouka/ext.dtx.score.ini	1491	6e5464b69c3f41fa49bcedf005fa9d9b569f324bffabaad7da119e9fd206e8e7
Soukyuu e no shouka/floortom.xa	5582	47f8adadac85ad6e91c071d212471239aa90956a6922a82fe813bfae13fa8197
Soukyuu e no shouka/highhatfoot.ogg	23914	06861aa7095463fc83fc4bf9f8be58fcb731d75bd0a6da54da1ead582ca77eb4
Soukyuu e no shouka/highhatopen.ogg	15013	46fcb8f1e3f4cb2f3aa04963dfb43778bcdacb4369f2e92d1d2fd4ca21112fdc
Soukyuu e no shouka/hightom.xa	2057	08c693157c5b047754be41d27a14bded5dcc5ccb10993c8eb681cdf44dabbd74
Soukyuu e no shouka/hihatclose.xa	3082	b66614d0173464d20b20396a17fbe5a41781380d295db620c101c29d4dc88042
Soukyuu e no shouka/lowtom.XA	3307	b9c67b49a6159df1821dbf07349e7c0a32b1c2cfba490afc65474c6655d52c34
Soukyuu e no shouka/mas.dtx	19566	8e757291cd1550f5f9b8afb28422106b37d5769507fcae08ec99089360f88020
Soukyuu e no shouka/mas.dtx.score.ini	1573	f31e7cae32f7ae46d8d0a01c33962a7f72f7123331e7692451bd1283aeeb9d6a
Soukyuu e no shouka/midtom.xa	2607	5592a737974e49553072e5822a525d536100aa62a18513f350fee4c48960817c
Soukyuu e no shouka/preview.jpg	371725	ae81bf262bc930ae7531624047add27fdbb2bd7242f47671b2503ab0c89a18d3
Soukyuu e no shouka/preview.mp3	318528	36f6625cd7dc244e4461ec3eec4aa8c20d1296dbbc8cbb56070c528a6f6917b4
Soukyuu e no shouka/ride.ogg	25031	ff33c3c3d7b670892973847f1536621ee8e9fc0e9a6e9fd9c5979b92433a70cd
Soukyuu e no shouka/snare.ogg	20171	bea218b8c590cb67be7f925a663b781d03aa55e761f02587f462c7e962f7e27b
Soukyuu e no shouka/splash cymbal.ogg	24332	d075fd48eae9c4b7c55caa2f3bec55787c11aa9e96b528e42aeb31bcf5b7d63c
